,timeOpen,timeClose,timeHigh,timeLow,quoteOpen,quoteHigh,quoteLow,quoteClose,quoteVolume,quoteMarketCap,quoteTimestamp
0,2021-01-05T00:00:00.000Z,2021-01-05T23:59:59.999Z,2021-01-05T22:45:09.000Z,2021-01-05T06:18:05.000Z,0.00031963,0.00034438,0.00030221,0.00033988,0.0,340153.65349407,2021-01-05T23:59:59.999Z
1,2021-01-06T00:00:00.000Z,2021-01-06T23:59:59.999Z,2021-01-06T23:58:05.000Z,2021-01-06T00:26:05.000Z,0.00033988,0.0003688,0.00033514,0.0003688,0.0,369096.75699026,2021-01-06T23:59:59.999Z
2,2021-01-07T00:00:00.000Z,2021-01-07T23:59:59.999Z,2021-01-07T18:18:06.000Z,2021-01-07T08:27:05.000Z,0.00036863,0.00040133,0.00036491,0.00039353,0.0,393851.85693306,2021-01-07T23:59:59.999Z
3,2021-01-08T00:00:00.000Z,2021-01-08T23:59:59.999Z,2021-01-08T15:11:06.000Z,2021-01-08T02:47:06.000Z,0.00039371,0.00041942,0.00036839,0.00040821,0.0,408542.48150671,2021-01-08T23:59:59.999Z
4,2021-01-09T00:00:00.000Z,2021-01-09T23:59:59.999Z,2021-01-09T14:16:06.000Z,2021-01-09T07:05:07.000Z,0.00040821,0.00041436,0.00038981,0.00040256,0.0,402883.3690749,2021-01-09T23:59:59.999Z
5,2021-01-10T00:00:00.000Z,2021-01-10T23:59:59.999Z,2021-01-10T01:50:06.000Z,2021-01-10T20:32:06.000Z,0.00040255,0.0004142,0.00035985,0.00038374,0.0,384053.45143931,2021-01-10T23:59:59.999Z
6,2021-01-11T00:00:00.000Z,2021-01-11T23:59:59.999Z,2021-01-11T00:00:07.000Z,2021-01-11T16:48:06.000Z,0.00038356,0.00038356,0.0003055,0.00035532,0.0,355611.99776076,2021-01-11T23:59:59.999Z
7,2021-01-12T00:00:00.000Z,2021-01-12T23:59:59.999Z,2021-01-12T07:47:06.000Z,2021-01-12T14:40:08.000Z,0.00035567,0.00036569,0.00032698,0.00033895,0.0,339223.79990988,2021-01-12T23:59:59.999Z
8,2021-01-13T00:00:00.000Z,2021-01-13T23:59:59.999Z,2021-01-13T22:06:07.000Z,2021-01-13T01:03:06.000Z,0.00033881,0.000376,0.00032585,0.00037321,0.0,373511.43780534,2021-01-13T23:59:59.999Z
9,2021-01-14T00:00:00.000Z,2021-01-14T23:59:59.999Z,2021-01-14T15:39:06.000Z,2021-01-14T04:16:06.000Z,0.00037296,0.00039966,0.00036869,0.00039193,0.0,392244.2033664,2021-01-14T23:59:59.999Z
10,2021-01-15T00:00:00.000Z,2021-01-15T23:59:59.999Z,2021-01-15T00:40:06.000Z,2021-01-15T16:13:07.000Z,0.00039189,0.00039578,0.0003466,0.00036733,0.0,367626.20620511,2021-01-15T23:59:59.999Z
11,2021-01-16T00:00:00.000Z,2021-01-16T23:59:59.999Z,2021-01-16T10:09:07.000Z,2021-01-16T22:10:10.000Z,0.00036824,0.00037864,0.00035634,0.00036217,0.0,362468.83308362,2021-01-16T23:59:59.999Z
12,2021-01-17T00:00:00.000Z,2021-01-17T23:59:59.999Z,2021-01-17T21:33:07.000Z,2021-01-17T10:06:07.000Z,0.00036207,0.00036722,0.00034069,0.00035822,0.0,358508.52899212,2021-01-17T23:59:59.999Z
13,2021-01-18T00:00:00.000Z,2021-01-18T23:59:59.999Z,2021-01-18T12:30:07.000Z,2021-01-18T05:33:06.000Z,0.00035774,0.00037299,0.00034884,0.00036725,0.0,367545.60801524,2021-01-18T23:59:59.999Z
14,2021-01-19T00:00:00.000Z,2021-01-19T23:59:59.999Z,2021-01-19T16:15:07.000Z,2021-01-19T23:59:06.000Z,0.00036643,0.00037756,0.00036178,0.00036178,0.0,362076.13188137,2021-01-19T23:59:59.999Z
15,2021-01-20T00:00:00.000Z,2021-01-20T23:59:59.999Z,2021-01-20T01:07:06.000Z,2021-01-20T16:09:06.000Z,0.00036073,0.00036378,0.0003357,0.00035622,0.0,356509.78278966,2021-01-20T23:59:59.999Z
16,2021-01-21T00:00:00.000Z,2021-01-21T23:59:59.999Z,2021-01-21T00:00:06.000Z,2021-01-21T22:43:06.000Z,0.00035554,0.00035554,0.00030251,0.00030878,0.0,309027.84924206,2021-01-21T23:59:59.999Z
17,2021-01-22T00:00:00.000Z,2021-01-22T23:59:59.999Z,2021-01-22T20:33:07.000Z,2021-01-22T01:21:07.000Z,0.00030819,0.00033812,0.00028953,0.0003294,0.0,329667.4024491,2021-01-22T23:59:59.999Z
18,2021-01-23T00:00:00.000Z,2021-01-23T23:59:59.999Z,2021-01-23T06:03:06.000Z,2021-01-23T13:09:06.000Z,0.00033005,0.00033361,0.00031493,0.00032053,0.0,320789.80494294,2021-01-23T23:59:59.999Z
19,2021-01-24T00:00:00.000Z,2021-01-24T23:59:59.999Z,2021-01-24T05:10:07.000Z,2021-01-24T19:36:06.000Z,0.00032058,0.00032944,0.00031107,0.00032313,0.0,323396.54758515,2021-01-24T23:59:59.999Z
20,2021-01-25T00:00:00.000Z,2021-01-25T23:59:59.999Z,2021-01-25T14:15:09.000Z,2021-01-25T22:34:07.000Z,0.00032293,0.00034803,0.00032088,0.00032344,0.0,323702.58501121,2021-01-25T23:59:59.999Z
21,2021-01-26T00:00:00.000Z,2021-01-26T23:59:59.999Z,2021-01-26T23:06:11.000Z,2021-01-26T14:51:07.000Z,0.00032368,0.00032795,0.0003103,0.000326,0.0,326262.96658009,2021-01-26T23:59:59.999Z
22,2021-01-27T00:00:00.000Z,2021-01-27T23:59:59.999Z,2021-01-27T00:00:07.000Z,2021-01-27T14:55:08.000Z,0.00032571,0.00032571,0.00029367,0.00030381,0.0,304057.06359231,2021-01-27T23:59:59.999Z
23,2021-01-28T00:00:00.000Z,2021-01-28T23:59:59.999Z,2021-01-28T23:25:09.000Z,2021-01-28T00:27:07.000Z,0.00030438,0.00033858,0.00030023,0.00033459,0.0,334865.49,2021-01-28T23:59:59.999Z
24,2021-01-29T00:00:00.000Z,2021-01-29T23:59:59.999Z,2021-01-29T13:59:06.000Z,2021-01-29T07:36:06.000Z,0.00033466,0.00038406,0.00032065,0.00034319,0.0,343464.24,2021-01-29T23:59:59.999Z
25,2021-01-30T00:00:00.000Z,2021-01-30T23:59:59.999Z,2021-01-30T01:29:06.000Z,2021-01-30T03:53:06.000Z,0.00034316,0.00034835,0.0003294,0.00034258,0.0,342859.7,2021-01-30T23:59:59.999Z
26,2021-01-31T00:00:00.000Z,2021-01-31T23:59:59.999Z,2021-01-31T00:08:06.000Z,2021-01-31T18:02:06.000Z,0.0003427,0.00034288,0.0003227,0.00033108,0.0,331352.09,2021-01-31T23:59:59.999Z
27,2021-02-01T00:00:00.000Z,2021-02-01T23:59:59.999Z,2021-02-01T09:08:06.000Z,2021-02-01T00:31:06.000Z,0.00033114,0.00034638,0.00032384,0.00033544,0.0,335711.26,2021-02-01T23:59:59.999Z
28,2021-02-02T00:00:00.000Z,2021-02-02T23:59:59.999Z,2021-02-02T20:12:06.000Z,2021-02-02T00:03:07.000Z,0.00033537,0.00035879,0.00033489,0.00035524,0.0,355529.96,2021-02-02T23:59:59.999Z
29,2021-02-03T00:00:00.000Z,2021-02-03T23:59:59.999Z,2021-02-03T23:42:07.000Z,2021-02-03T00:08:06.000Z,0.0003551,0.0003748,0.00035444,0.00037451,0.0,374818.1,2021-02-03T23:59:59.999Z
30,2021-02-04T00:00:00.000Z,2021-02-04T23:59:59.999Z,2021-02-04T08:32:07.000Z,2021-02-04T15:28:07.000Z,0.00037472,0.00038592,0.00036317,0.00036925,0.0,369547.56,2021-02-04T23:59:59.999Z
31,2021-02-05T00:00:00.000Z,2021-02-05T23:59:59.999Z,2021-02-05T14:02:07.000Z,2021-02-05T02:02:06.000Z,0.00036926,0.00038226,0.00036659,0.00038123,0.0,381541.42,2021-02-05T23:59:59.999Z
32,2021-02-06T00:00:00.000Z,2021-02-06T23:59:59.999Z,2021-02-06T16:03:07.000Z,2021-02-06T00:01:07.000Z,0.00038144,0.00040847,0.00038138,0.00039272,0.0,393039.19,2021-02-06T23:59:59.999Z
33,2021-02-07T00:00:00.000Z,2021-02-07T23:59:59.999Z,2021-02-07T09:56:07.000Z,2021-02-07T16:20:09.000Z,0.00039266,0.00039622,0.00037446,0.00038904,0.0,389358.37,2021-02-07T23:59:59.999Z
34,2021-02-08T00:00:00.000Z,2021-02-08T23:59:59.999Z,2021-02-08T23:59:06.000Z,2021-02-08T04:02:07.000Z,0.00038903,0.00046204,0.00038076,0.00046204,0.0,462414.88,2021-02-08T23:59:59.999Z
35,2021-02-09T00:00:00.000Z,2021-02-09T23:59:59.999Z,2021-02-09T07:02:07.000Z,2021-02-09T13:05:09.000Z,0.00046196,0.00048004,0.00045167,0.00046476,0.0,465133.61,2021-02-09T23:59:59.999Z
36,2021-02-10T00:00:00.000Z,2021-02-10T23:59:59.999Z,2021-02-10T10:23:07.000Z,2021-02-10T15:50:09.000Z,0.00046481,0.00047146,0.0004391,0.00044926,0.0,449628.89,2021-02-10T23:59:59.999Z
37,2021-02-11T00:00:00.000Z,2021-02-11T23:59:59.999Z,2021-02-11T20:34:07.000Z,2021-02-11T01:16:07.000Z,0.00044918,0.00048463,0.00044188,0.00047885,0.0,479237.94,2021-02-11T23:59:59.999Z
38,2021-02-12T00:00:00.000Z,2021-02-12T23:59:59.999Z,2021-02-12T00:23:07.000Z,2021-02-12T14:50:09.000Z,0.00047909,0.00048746,0.00046425,0.00047521,0.0,475599.51,2021-02-12T23:59:59.999Z
39,2021-02-13T00:00:00.000Z,2021-02-13T23:59:59.999Z,2021-02-13T03:12:07.000Z,2021-02-13T11:55:08.000Z,0.00047505,0.00048048,0.00046392,0.00047111,0.0,471495.14,2021-02-13T23:59:59.999Z
40,2021-02-14T00:00:00.000Z,2021-02-14T23:59:59.999Z,2021-02-14T12:18:07.000Z,2021-02-14T00:00:07.000Z,0.00047106,0.00049488,0.00047106,0.00048726,0.0,487660.47,2021-02-14T23:59:59.999Z
41,2021-02-15T00:00:00.000Z,2021-02-15T23:59:59.999Z,2021-02-15T00:50:07.000Z,2021-02-15T02:35:07.000Z,0.00048717,0.00048876,0.00046347,0.00047944,0.0,479828.99,2021-02-15T23:59:59.999Z
42,2021-02-16T00:00:00.000Z,2021-02-16T23:59:59.999Z,2021-02-16T12:37:06.000Z,2021-02-16T00:38:06.000Z,0.00047945,0.00050341,0.00047201,0.00049202,0.0,492421.68,2021-02-16T23:59:59.999Z
43,2021-02-17T00:00:00.000Z,2021-02-17T23:59:59.999Z,2021-02-17T21:38:06.000Z,2021-02-17T01:02:06.000Z,0.000492,0.00052534,0.00049072,0.00052151,0.0,521933.23,2021-02-17T23:59:59.999Z
44,2021-02-18T00:00:00.000Z,2021-02-18T23:59:59.999Z,2021-02-18T00:26:06.000Z,2021-02-18T12:18:06.000Z,0.00052149,0.00052474,0.00051016,0.00051697,0.0,517393.85,2021-02-18T23:59:59.999Z
45,2021-02-19T00:00:00.000Z,2021-02-19T23:59:59.999Z,2021-02-19T21:30:09.000Z,2021-02-19T02:36:06.000Z,0.00051696,0.00056114,0.00050937,0.00055898,0.0,559438.6,2021-02-19T23:59:59.999Z
46,2021-02-20T00:00:00.000Z,2021-02-20T23:59:59.999Z,2021-02-20T12:48:06.000Z,2021-02-20T22:44:06.000Z,0.00055888,0.00057505,0.00054627,0.00056101,0.0,561469.52,2021-02-20T23:59:59.999Z
47,2021-02-21T00:00:00.000Z,2021-02-21T23:59:59.999Z,2021-02-21T19:10:08.000Z,2021-02-21T00:17:06.000Z,0.000561,0.00058331,0.00055673,0.00057544,0.0,575908.94,2021-02-21T23:59:59.999Z
48,2021-02-22T00:00:00.000Z,2021-02-22T23:59:59.999Z,2021-02-22T00:00:06.000Z,2021-02-22T14:20:08.000Z,0.0005754,0.0005754,0.00048968,0.00054222,0.0,542660.92,2021-02-22T23:59:59.999Z
49,2021-02-23T00:00:00.000Z,2021-02-23T23:59:59.999Z,2021-02-23T00:00:07.000Z,2021-02-23T11:47:06.000Z,0.00054207,0.00054207,0.00045291,0.00048813,0.0,488524.69,2021-02-23T23:59:59.999Z
50,2021-02-24T00:00:00.000Z,2021-02-24T23:59:59.999Z,2021-02-24T04:17:06.000Z,2021-02-24T00:29:06.000Z,0.00048824,0.0005129,0.00047213,0.00049699,0.0,497389.1,2021-02-24T23:59:59.999Z
51,2021-02-25T00:00:00.000Z,2021-02-25T23:59:59.999Z,2021-02-25T13:15:09.000Z,2021-02-25T23:53:06.000Z,0.00049705,0.00051949,0.00047127,0.00047134,0.0,471726.33,2021-02-25T23:59:59.999Z
52,2021-02-26T00:00:00.000Z,2021-02-26T23:59:59.999Z,2021-02-26T17:05:09.000Z,2021-02-26T07:47:06.000Z,0.00047094,0.00048371,0.00044455,0.00046332,0.0,463700.08,2021-02-26T23:59:59.999Z
53,2021-02-27T00:00:00.000Z,2021-02-27T23:59:59.999Z,2021-02-27T06:48:06.000Z,2021-02-27T23:30:12.000Z,0.0004634,0.00048253,0.00045269,0.00046207,0.0,462449.5,2021-02-27T23:59:59.999Z
54,2021-02-28T00:00:00.000Z,2021-02-28T23:59:59.999Z,2021-02-28T01:26:07.000Z,2021-02-28T18:04:06.000Z,0.00046188,0.00046716,0.00043269,0.00045129,0.0,451660.25,2021-02-28T23:59:59.999Z
55,2021-03-01T00:00:00.000Z,2021-03-01T23:59:59.999Z,2021-03-01T23:55:10.000Z,2021-03-01T00:08:06.000Z,0.00045138,0.00049784,0.00045115,0.00049628,0.0,496684.81,2021-03-01T23:59:59.999Z
56,2021-03-02T00:00:00.000Z,2021-03-02T23:59:59.999Z,2021-03-02T00:26:06.000Z,2021-03-02T20:50:10.000Z,0.00049646,0.00050128,0.00047229,0.00048374,0.0,484136.39,2021-03-02T23:59:59.999Z
57,2021-03-03T00:00:00.000Z,2021-03-03T23:59:59.999Z,2021-03-03T13:05:08.000Z,2021-03-03T00:09:07.000Z,0.00048379,0.00052535,0.00048274,0.00050551,0.0,505920.99,2021-03-03T23:59:59.999Z
58,2021-03-04T00:00:00.000Z,2021-03-04T23:59:59.999Z,2021-03-04T02:13:06.000Z,2021-03-04T20:15:11.000Z,0.00050551,0.00051735,0.00047657,0.00048561,0.0,486002.89,2021-03-04T23:59:59.999Z
59,2021-03-05T00:00:00.000Z,2021-03-05T23:59:59.999Z,2021-03-05T20:06:07.000Z,2021-03-05T01:31:07.000Z,0.00048565,0.00049396,0.00046543,0.00048946,0.0,489858.05,2021-03-05T23:59:59.999Z
60,2021-03-06T00:00:00.000Z,2021-03-06T23:59:59.999Z,2021-03-06T00:33:06.000Z,2021-03-06T13:33:06.000Z,0.00048935,0.00049147,0.00047258,0.0004894,0.0,489797.11,2021-03-06T23:59:59.999Z
61,2021-03-07T00:00:00.000Z,2021-03-07T23:59:59.999Z,2021-03-07T23:58:06.000Z,2021-03-07T00:01:07.000Z,0.00048921,0.00051384,0.00048912,0.00051349,0.0,513906.49,2021-03-07T23:59:59.999Z
62,2021-03-08T00:00:00.000Z,2021-03-08T23:59:59.999Z,2021-03-08T23:54:06.000Z,2021-03-08T08:22:06.000Z,0.00051226,0.00052314,0.00049506,0.00052274,0.0,523165.82,2021-03-08T23:59:59.999Z
63,2021-03-09T00:00:00.000Z,2021-03-09T23:59:59.999Z,2021-03-09T23:24:06.000Z,2021-03-09T01:00:07.000Z,0.00052244,0.00054817,0.00051982,0.00054768,0.0,548124.32,2021-03-09T23:59:59.999Z
64,2021-03-10T00:00:00.000Z,2021-03-10T23:59:59.999Z,2021-03-10T19:23:07.000Z,2021-03-10T05:16:07.000Z,0.0005481,0.00057258,0.00053291,0.00056004,0.0,560490.7,2021-03-10T23:59:59.999Z
65,2021-03-11T00:00:00.000Z,2021-03-11T23:59:59.999Z,2021-03-11T23:08:08.000Z,2021-03-11T08:21:07.000Z,0.00056009,0.00058091,0.00054485,0.00057803,0.0,578501.65,2021-03-11T23:59:59.999Z
66,2021-03-12T00:00:00.000Z,2021-03-12T23:59:59.999Z,2021-03-12T00:05:08.000Z,2021-03-12T13:35:10.000Z,0.00057805,0.00057997,0.00055377,0.00057338,0.0,573847.56,2021-03-12T23:59:59.999Z
67,2021-03-13T00:00:00.000Z,2021-03-13T23:59:59.999Z,2021-03-13T20:45:13.000Z,2021-03-13T01:30:08.000Z,0.00057359,0.00061684,0.00056218,0.00061259,0.0,613090.43,2021-03-13T23:59:59.999Z
68,2021-03-14T00:00:00.000Z,2021-03-14T23:59:59.999Z,2021-03-14T00:29:08.000Z,2021-03-14T23:59:08.000Z,0.00061243,0.00061598,0.00059463,0.00059463,0.0,595115.81,2021-03-14T23:59:59.999Z
69,2021-03-15T00:00:00.000Z,2021-03-15T23:59:59.999Z,2021-03-15T04:05:08.000Z,2021-03-15T12:24:07.000Z,0.00059302,0.00060541,0.00055393,0.00055863,0.0,559081.84,2021-03-15T23:59:59.999Z
70,2021-03-16T00:00:00.000Z,2021-03-16T23:59:59.999Z,2021-03-16T22:28:07.000Z,2021-03-16T01:09:07.000Z,0.00055905,0.00056807,0.00053555,0.000566,0.0,566455.35,2021-03-16T23:59:59.999Z
71,2021-03-17T00:00:00.000Z,2021-03-17T23:59:59.999Z,2021-03-17T22:17:07.000Z,2021-03-17T12:17:07.000Z,0.00056786,0.0005897,0.00054529,0.00058846,0.0,588941.38,2021-03-17T23:59:59.999Z
72,2021-03-18T00:00:00.000Z,2021-03-18T23:59:59.999Z,2021-03-18T16:41:07.000Z,2021-03-18T13:35:09.000Z,0.00058871,0.00060116,0.00054254,0.00057861,0.0,579080.39,2021-03-18T23:59:59.999Z
73,2021-03-19T00:00:00.000Z,2021-03-19T23:59:59.999Z,2021-03-19T20:20:10.000Z,2021-03-19T00:26:07.000Z,0.00057859,0.00059498,0.00056644,0.00058335,0.0,583821.72,2021-03-19T23:59:59.999Z
74,2021-03-20T00:00:00.000Z,2021-03-20T23:59:59.999Z,2021-03-20T13:26:06.000Z,2021-03-20T00:14:06.000Z,0.00058347,0.00060031,0.00058213,0.00058327,0.0,583743.02,2021-03-20T23:59:59.999Z
75,2021-03-21T00:00:00.000Z,2021-03-21T23:59:59.999Z,2021-03-21T00:36:06.000Z,2021-03-21T10:03:06.000Z,0.00058314,0.00058768,0.00056006,0.00057516,0.0,575623.84,2021-03-21T23:59:59.999Z
76,2021-03-22T00:00:00.000Z,2021-03-22T23:59:59.999Z,2021-03-22T10:23:06.000Z,2021-03-22T22:08:06.000Z,0.00057523,0.00058471,0.00054288,0.00054537,0.0,545808.46,2021-03-22T23:59:59.999Z
77,2021-03-23T00:00:00.000Z,2021-03-23T23:59:59.999Z,2021-03-23T18:32:16.000Z,2021-03-23T06:26:07.000Z,0.00054529,0.00055985,0.00053471,0.00054763,0.0,548077.06,2021-03-23T23:59:59.999Z
78,2021-03-24T00:00:00.000Z,2021-03-24T23:59:59.999Z,2021-03-24T13:39:07.000Z,2021-03-24T22:27:07.000Z,0.00054739,0.00057262,0.00052514,0.00052771,0.0,528137.12,2021-03-24T23:59:59.999Z
79,2021-03-25T00:00:00.000Z,2021-03-25T23:59:59.999Z,2021-03-25T06:23:07.000Z,2021-03-25T12:41:07.000Z,0.00052774,0.00053392,0.00050857,0.00051709,0.01,517507.64,2021-03-25T23:59:59.999Z
80,2021-03-26T00:00:00.000Z,2021-03-26T23:59:59.999Z,2021-03-26T23:56:11.000Z,2021-03-26T00:02:07.000Z,0.00051704,0.00055133,0.0005158,0.00055119,0.0,551636.88,2021-03-26T23:59:59.999Z
81,2021-03-27T00:00:00.000Z,2021-03-27T23:59:59.999Z,2021-03-27T22:03:07.000Z,2021-03-27T12:54:07.000Z,0.00055137,0.00056568,0.00054243,0.00055981,0.0,560264.12,2021-03-27T23:59:59.999Z
82,2021-03-28T00:00:00.000Z,2021-03-28T23:59:59.999Z,2021-03-28T09:14:07.000Z,2021-03-28T19:20:10.000Z,0.00055974,0.0005661,0.00055071,0.00055952,0.0,559977.7,2021-03-28T23:59:59.999Z
83,2021-03-29T00:00:00.000Z,2021-03-29T23:59:59.999Z,2021-03-29T12:14:07.000Z,2021-03-29T05:45:08.000Z,0.00055951,0.00058342,0.00055139,0.00057749,0.0,577954.49,2021-03-29T23:59:59.999Z
84,2021-03-30T00:00:00.000Z,2021-03-30T23:59:59.999Z,2021-03-30T12:10:10.000Z,2021-03-30T04:06:07.000Z,0.0005775,0.00059447,0.00057252,0.00058918,0.0,589657.94,2021-03-30T23:59:59.999Z
85,2021-03-31T00:00:00.000Z,2021-03-31T23:59:59.999Z,2021-03-31T06:58:07.000Z,2021-03-31T08:10:09.000Z,0.00058918,0.0005993,0.00057726,0.00058917,0.0,589651.27,2021-03-31T23:59:59.999Z
86,2021-04-01T00:00:00.000Z,2021-04-01T23:59:59.999Z,2021-04-01T08:30:08.000Z,2021-04-01T11:27:07.000Z,0.00058919,0.00059583,0.00058505,0.00059107,0.0,591549.36,2021-04-01T23:59:59.999Z
87,2021-04-02T00:00:00.000Z,2021-04-02T23:59:59.999Z,2021-04-02T02:38:07.000Z,2021-04-02T00:57:07.000Z,0.00059096,0.00060267,0.00058869,0.00059379,0.0,594267.88,2021-04-02T23:59:59.999Z
88,2021-04-03T00:00:00.000Z,2021-04-03T23:59:59.999Z,2021-04-03T08:17:07.000Z,2021-04-03T23:59:07.000Z,0.00059384,0.0006011,0.00057604,0.00057604,0.0,576507.12,2021-04-03T23:59:59.999Z
89,2021-04-04T00:00:00.000Z,2021-04-04T23:59:59.999Z,2021-04-04T14:08:07.000Z,2021-04-04T01:06:07.000Z,0.00057605,0.00058914,0.00057169,0.00058759,0.0,588063.18,2021-04-04T23:59:59.999Z
90,2021-04-05T00:00:00.000Z,2021-04-05T23:59:59.999Z,2021-04-05T16:05:09.000Z,2021-04-05T06:27:07.000Z,0.00058761,0.00059891,0.00057695,0.00058935,0.0,589826.56,2021-04-05T23:59:59.999Z
91,2021-04-06T00:00:00.000Z,2021-04-06T23:59:59.999Z,2021-04-06T01:03:07.000Z,2021-04-06T14:33:07.000Z,0.00059058,0.0005948,0.00057647,0.00058231,0.0,582782.61,2021-04-06T23:59:59.999Z
92,2021-04-07T00:00:00.000Z,2021-04-07T23:59:59.999Z,2021-04-07T06:05:08.000Z,2021-04-07T19:22:07.000Z,0.00058192,0.00058731,0.00055604,0.00056178,0.0,562239.37,2021-04-07T23:59:59.999Z
93,2021-04-08T00:00:00.000Z,2021-04-08T23:59:59.999Z,2021-04-08T23:50:09.000Z,2021-04-08T00:09:07.000Z,0.00056049,0.00058339,0.00055879,0.00058313,0.0,583604.06,2021-04-08T23:59:59.999Z
94,2021-04-09T00:00:00.000Z,2021-04-09T23:59:59.999Z,2021-04-09T11:33:07.000Z,2021-04-09T08:38:07.000Z,0.00058324,0.00058937,0.00057808,0.00058241,0.0,582879.78,2021-04-09T23:59:59.999Z
95,2021-04-10T00:00:00.000Z,2021-04-10T23:59:59.999Z,2021-04-10T05:02:07.000Z,2021-04-10T00:44:07.000Z,0.00058245,0.00061277,0.00058039,0.00059791,0.0,598392.91,2021-04-10T23:59:59.999Z
96,2021-04-11T00:00:00.000Z,2021-04-11T23:59:59.999Z,2021-04-11T03:07:07.000Z,2021-04-11T13:36:07.000Z,0.00059793,0.00060791,0.0005929,0.00060209,0.0,602575.18,2021-04-11T23:59:59.999Z
97,2021-04-12T00:00:00.000Z,2021-04-12T23:59:59.999Z,2021-04-12T07:34:08.000Z,2021-04-12T10:41:07.000Z,0.00060205,0.00061253,0.0005959,0.00059933,0.0,599814.31,2021-04-12T23:59:59.999Z
98,2021-04-13T00:00:00.000Z,2021-04-13T23:59:59.999Z,2021-04-13T16:05:10.000Z,2021-04-13T00:04:07.000Z,0.00059893,0.00063742,0.0005987,0.00063601,0.0,636525.37,2021-04-13T23:59:59.999Z
99,2021-04-14T00:00:00.000Z,2021-04-14T23:59:59.999Z,2021-04-14T11:45:09.000Z,2021-04-14T19:34:07.000Z,0.00063503,0.00064863,0.00061555,0.00063074,0.0,631252.97,2021-04-14T23:59:59.999Z
100,2021-04-15T00:00:00.000Z,2021-04-15T23:59:59.999Z,2021-04-15T21:44:07.000Z,2021-04-15T11:10:09.000Z,0.0006311,0.00063822,0.00062209,0.00063286,0.0,633370.09,2021-04-15T23:59:59.999Z
101,2021-04-16T00:00:00.000Z,2021-04-16T23:59:59.999Z,2021-04-16T00:52:07.000Z,2021-04-16T11:22:07.000Z,0.00063314,0.00063595,0.00060223,0.00061648,0.0,616980.56,2021-04-16T23:59:59.999Z
102,2021-04-17T00:00:00.000Z,2021-04-17T23:59:59.999Z,2021-04-17T03:46:07.000Z,2021-04-17T18:03:07.000Z,0.00061573,0.00062572,0.00060361,0.00060723,0.0,607721.59,2021-04-17T23:59:59.999Z
103,2021-04-18T00:00:00.000Z,2021-04-18T23:59:59.999Z,2021-04-18T00:18:07.000Z,2021-04-18T03:37:07.000Z,0.00060684,0.00061057,0.0005283,0.00056211,0.0,562561.97,2021-04-18T23:59:59.999Z
104,2021-04-19T00:00:00.000Z,2021-04-19T23:59:59.999Z,2021-04-19T08:05:07.000Z,2021-04-19T15:49:07.000Z,0.00056216,0.0005752,0.00054369,0.00055768,0.0,558134.74,2021-04-19T23:59:59.999Z
105,2021-04-20T00:00:00.000Z,2021-04-20T23:59:59.999Z,2021-04-20T22:03:07.000Z,2021-04-20T07:39:07.000Z,0.00055724,0.00057062,0.00053448,0.00056418,0.0,564637.37,2021-04-20T23:59:59.999Z
106,2021-04-21T00:00:00.000Z,2021-04-21T23:59:59.999Z,2021-04-21T00:25:07.000Z,2021-04-21T23:13:07.000Z,0.00056473,0.00056758,0.00053695,0.000539,0.0,539433.2,2021-04-21T23:59:59.999Z
107,2021-04-22T00:00:00.000Z,2021-04-22T23:59:59.999Z,2021-04-22T12:38:07.000Z,2021-04-22T21:13:07.000Z,0.00053906,0.0005541,0.00050584,0.000518,0.0,518419.43,2021-04-22T23:59:59.999Z
108,2021-04-23T00:00:00.000Z,2021-04-23T23:59:59.999Z,2021-04-23T00:20:07.000Z,2021-04-23T08:11:07.000Z,0.00051762,0.00052121,0.00047715,0.00051095,0.0,511361.51,2021-04-23T23:59:59.999Z
109,2021-04-24T00:00:00.000Z,2021-04-24T23:59:59.999Z,2021-04-24T00:02:07.000Z,2021-04-24T11:56:07.000Z,0.00051094,0.00051168,0.00048805,0.00050061,0.0,501015.96,2021-04-24T23:59:59.999Z
110,2021-04-25T00:00:00.000Z,2021-04-25T23:59:59.999Z,2021-04-25T15:21:07.000Z,2021-04-25T21:48:07.000Z,0.00050051,0.00050506,0.0004724,0.00048999,0.0,490384.37,2021-04-25T23:59:59.999Z
111,2021-04-26T00:00:00.000Z,2021-04-26T23:59:59.999Z,2021-04-26T19:04:07.000Z,2021-04-26T00:06:07.000Z,0.00049004,0.00054288,0.00048853,0.00054006,0.0,540501.51,2021-04-26T23:59:59.999Z
112,2021-04-27T00:00:00.000Z,2021-04-27T23:59:59.999Z,2021-04-27T21:50:07.000Z,2021-04-27T04:20:07.000Z,0.00054022,0.00055417,0.00053339,0.00054981,0.0,550261.71,2021-04-27T23:59:59.999Z
113,2021-04-28T00:00:00.000Z,2021-04-28T23:59:59.999Z,2021-04-28T20:08:07.000Z,2021-04-28T06:38:07.000Z,0.00055037,0.00056227,0.00053888,0.00054808,0.0,548528.22,2021-04-28T23:59:59.999Z
114,2021-04-29T00:00:00.000Z,2021-04-29T23:59:59.999Z,2021-04-29T00:13:07.000Z,2021-04-29T20:10:07.000Z,0.00054825,0.00055116,0.00052418,0.00053575,0.0,536183.43,2021-04-29T23:59:59.999Z
115,2021-04-30T00:00:00.000Z,2021-04-30T23:59:59.999Z,2021-04-30T23:52:07.000Z,2021-04-30T00:20:07.000Z,0.00053555,0.00057901,0.0005313,0.00057773,0.0,578200.6,2021-04-30T23:59:59.999Z
116,2021-05-01T00:00:00.000Z,2021-05-01T23:59:59.999Z,2021-05-01T01:56:07.000Z,2021-05-01T15:30:07.000Z,0.0005775,0.00058448,0.00057052,0.00057825,0.0,578717.82,2021-05-01T23:59:59.999Z
117,2021-05-02T00:00:00.000Z,2021-05-02T23:59:59.999Z,2021-05-02T00:05:07.000Z,2021-05-02T09:35:07.000Z,0.00057828,0.00057903,0.00056142,0.00056621,0.0,566673.07,2021-05-02T23:59:59.999Z
118,2021-05-03T00:00:00.000Z,2021-05-03T23:59:59.999Z,2021-05-03T08:39:07.000Z,2021-05-03T00:06:08.000Z,0.00056631,0.00058973,0.00056591,0.00057162,0.0,572089.05,2021-05-03T23:59:59.999Z
119,2021-05-04T00:00:00.000Z,2021-05-04T23:59:59.999Z,2021-05-04T00:01:07.000Z,2021-05-04T23:57:06.000Z,0.000572,0.00057214,0.00053191,0.0005328,0.0,533233.9,2021-05-04T23:59:59.999Z
120,2021-05-05T00:00:00.000Z,2021-05-05T23:59:59.999Z,2021-05-05T16:04:07.000Z,2021-05-05T00:04:06.000Z,0.00053334,0.00057911,0.00052969,0.00057424,0.0,574706.83,2021-05-05T23:59:59.999Z
121,2021-05-06T00:00:00.000Z,2021-05-06T23:59:59.999Z,2021-05-06T10:24:08.000Z,2021-05-06T19:19:07.000Z,0.00057441,0.00058363,0.00055383,0.00056397,0.0,564423.56,2021-05-06T23:59:59.999Z
122,2021-05-07T00:00:00.000Z,2021-05-07T23:59:59.999Z,2021-05-07T17:08:08.000Z,2021-05-07T04:39:07.000Z,0.00056414,0.00058607,0.00055322,0.00057345,0.0,573919.57,2021-05-07T23:59:59.999Z
123,2021-05-08T00:00:00.000Z,2021-05-08T23:59:59.999Z,2021-05-08T20:31:08.000Z,2021-05-08T00:14:07.000Z,0.00057356,0.00059465,0.00056975,0.00058767,0.0,588143.53,2021-05-08T23:59:59.999Z
124,2021-05-09T00:00:00.000Z,2021-05-09T23:59:59.999Z,2021-05-09T01:49:07.000Z,2021-05-09T13:01:08.000Z,0.00058804,0.00059211,0.00056482,0.00058219,0.0,582658.89,2021-05-09T23:59:59.999Z
125,2021-05-10T00:00:00.000Z,2021-05-10T23:59:59.999Z,2021-05-10T04:08:08.000Z,2021-05-10T20:07:08.000Z,0.00058232,0.00059519,0.00054071,0.00055825,0.0,558702.39,2021-05-10T23:59:59.999Z
126,2021-05-11T00:00:00.000Z,2021-05-11T23:59:59.999Z,2021-05-11T21:00:07.000Z,2021-05-11T03:00:08.000Z,0.0005586,0.00056873,0.00054609,0.00056714,0.0,567601.89,2021-05-11T23:59:59.999Z
127,2021-05-12T00:00:00.000Z,2021-05-12T23:59:59.999Z,2021-05-12T04:16:07.000Z,2021-05-12T23:59:07.000Z,0.00056705,0.00057939,0.00049916,0.00049916,0.0,499570.69,2021-05-12T23:59:59.999Z
128,2021-05-13T00:00:00.000Z,2021-05-13T23:59:59.999Z,2021-05-13T07:01:07.000Z,2021-05-13T00:05:08.000Z,0.00049151,0.00051331,0.0004698,0.00049729,0.0,497697.25,2021-05-13T23:59:59.999Z
129,2021-05-14T00:00:00.000Z,2021-05-14T23:59:59.999Z,2021-05-14T15:29:07.000Z,2021-05-14T04:46:08.000Z,0.00049716,0.00051438,0.00048869,0.00049874,0.0,499142.49,2021-05-14T23:59:59.999Z
130,2021-05-15T00:00:00.000Z,2021-05-15T23:59:59.999Z,2021-05-15T02:01:07.000Z,2021-05-15T23:54:07.000Z,0.00049881,0.0005064,0.00046664,0.00046791,0.0,468294.36,2021-05-15T23:59:59.999Z
131,2021-05-16T00:00:00.000Z,2021-05-16T23:59:59.999Z,2021-05-16T10:49:07.000Z,2021-05-16T20:53:07.000Z,0.0004676,0.0004972,0.00043963,0.00046479,0.0,465168.9,2021-05-16T23:59:59.999Z
132,2021-05-17T00:00:00.000Z,2021-05-17T23:59:59.999Z,2021-05-17T00:03:07.000Z,2021-05-17T17:27:13.000Z,0.00046456,0.00046624,0.00042207,0.00043371,0.0,434059.05,2021-05-17T23:59:59.999Z
133,2021-05-18T00:00:00.000Z,2021-05-18T23:59:59.999Z,2021-05-18T06:17:07.000Z,2021-05-18T23:11:08.000Z,0.00043538,0.00045812,0.00042368,0.00042994,0.0,430290.3,2021-05-18T23:59:59.999Z
134,2021-05-19T00:00:00.000Z,2021-05-19T23:59:59.999Z,2021-05-19T00:15:08.000Z,2021-05-19T13:11:08.000Z,0.00042909,0.00043546,0.00030681,0.00037156,0.0,371860.71,2021-05-19T23:59:59.999Z
135,2021-05-20T00:00:00.000Z,2021-05-20T23:59:59.999Z,2021-05-20T13:23:08.000Z,2021-05-20T00:55:08.000Z,0.00037002,0.00042463,0.00035051,0.00040634,0.0,406667.52,2021-05-20T23:59:59.999Z
136,2021-05-21T00:00:00.000Z,2021-05-21T23:59:59.999Z,2021-05-21T00:45:10.000Z,2021-05-21T21:20:08.000Z,0.00040783,0.00042172,0.00033729,0.00037296,0.0,373261.51,2021-05-21T23:59:59.999Z
137,2021-05-22T00:00:00.000Z,2021-05-22T23:59:59.999Z,2021-05-22T13:36:07.000Z,2021-05-22T05:32:08.000Z,0.00037305,0.00038831,0.00035384,0.00037515,0.0,375452.59,2021-05-22T23:59:59.999Z
138,2021-05-23T00:00:00.000Z,2021-05-23T23:59:59.999Z,2021-05-23T00:52:08.000Z,2021-05-23T16:44:08.000Z,0.00037537,0.00038289,0.00031282,0.00034824,0.0,348526.96,2021-05-23T23:59:59.999Z
139,2021-05-24T00:00:00.000Z,2021-05-24T23:59:59.999Z,2021-05-24T20:03:08.000Z,2021-05-24T04:44:08.000Z,0.00034771,0.00039835,0.00034551,0.00038654,0.0,386851.29,2021-05-24T23:59:59.999Z
140,2021-05-25T00:00:00.000Z,2021-05-25T23:59:59.999Z,2021-05-25T00:44:08.000Z,2021-05-25T12:02:08.000Z,0.00038796,0.00039776,0.00036581,0.00038311,0.0,383418.76,2021-05-25T23:59:59.999Z
141,2021-05-26T00:00:00.000Z,2021-05-26T23:59:59.999Z,2021-05-26T08:04:08.000Z,2021-05-26T00:32:08.000Z,0.00038402,0.00040782,0.00037906,0.0003932,0.0,393522.28,2021-05-26T23:59:59.999Z
142,2021-05-27T00:00:00.000Z,2021-05-27T23:59:59.999Z,2021-05-27T13:30:09.000Z,2021-05-27T03:20:08.000Z,0.00039294,0.0004038,0.00037248,0.0003845,0.0,384814.12,2021-05-27T23:59:59.999Z
143,2021-05-28T00:00:00.000Z,2021-05-28T23:59:59.999Z,2021-05-28T00:21:08.000Z,2021-05-28T21:29:07.000Z,0.00038437,0.00038857,0.00034779,0.00035665,0.0,356938.93,2021-05-28T23:59:59.999Z
144,2021-05-29T00:00:00.000Z,2021-05-29T23:59:59.999Z,2021-05-29T05:28:08.000Z,2021-05-29T18:16:08.000Z,0.00035698,0.00037234,0.00033694,0.00034584,0.0,346116.25,2021-05-29T23:59:59.999Z
145,2021-05-30T00:00:00.000Z,2021-05-30T23:59:59.999Z,2021-05-30T12:02:08.000Z,2021-05-30T00:44:08.000Z,0.00034616,0.00036401,0.00033521,0.0003566,0.0,356892.04,2021-05-30T23:59:59.999Z
146,2021-05-31T00:00:00.000Z,2021-05-31T23:59:59.999Z,2021-05-31T23:41:08.000Z,2021-05-31T04:24:09.000Z,0.00035678,0.00037468,0.00034242,0.00037333,0.0,373632.0,2021-05-31T23:59:59.999Z
147,2021-06-01T00:00:00.000Z,2021-06-01T23:59:59.999Z,2021-06-01T00:58:08.000Z,2021-06-01T13:17:08.000Z,0.00037294,0.00037897,0.0003581,0.00036667,0.0,366964.2,2021-06-01T23:59:59.999Z
148,2021-06-02T00:00:00.000Z,2021-06-02T23:59:59.999Z,2021-06-02T15:25:08.000Z,2021-06-02T01:13:08.000Z,0.00036685,0.00038231,0.00035966,0.00037608,0.0,376387.55,2021-06-02T23:59:59.999Z
149,2021-06-03T00:00:00.000Z,2021-06-03T23:59:59.999Z,2021-06-03T10:22:08.000Z,2021-06-03T02:34:09.000Z,0.00037575,0.00039479,0.00037244,0.00039171,0.0,392027.12,2021-06-03T23:59:59.999Z
150,2021-06-04T00:00:00.000Z,2021-06-04T23:59:59.999Z,2021-06-04T00:01:08.000Z,2021-06-04T12:12:07.000Z,0.00039209,0.00039242,0.00035718,0.00036911,0.0,369414.1,2021-06-04T23:59:59.999Z
151,2021-06-05T00:00:00.000Z,2021-06-05T23:59:59.999Z,2021-06-05T07:22:07.000Z,2021-06-05T21:38:07.000Z,0.00036894,0.00037918,0.000349,0.00035548,0.0,355767.44,2021-06-05T23:59:59.999Z
152,2021-06-06T00:00:00.000Z,2021-06-06T23:59:59.999Z,2021-06-06T06:02:07.000Z,2021-06-06T22:36:07.000Z,0.00035552,0.00036436,0.00035305,0.00035854,0.0,358833.66,2021-06-06T23:59:59.999Z
153,2021-06-07T00:00:00.000Z,2021-06-07T23:59:59.999Z,2021-06-07T01:50:07.000Z,2021-06-07T23:56:07.000Z,0.00035862,0.00036791,0.00033481,0.00033624,0.0,336514.95,2021-06-07T23:59:59.999Z
154,2021-06-08T00:00:00.000Z,2021-06-08T23:59:59.999Z,2021-06-08T00:18:07.000Z,2021-06-08T15:26:09.000Z,0.00033561,0.00034017,0.00031114,0.00033479,0.0,335059.91,2021-06-08T23:59:59.999Z
155,2021-06-09T00:00:00.000Z,2021-06-09T23:59:59.999Z,2021-06-09T23:42:07.000Z,2021-06-09T02:20:08.000Z,0.00033473,0.00037537,0.00032476,0.00037292,0.0,373218.76,2021-06-09T23:59:59.999Z
156,2021-06-10T00:00:00.000Z,2021-06-10T23:59:59.999Z,2021-06-10T10:10:07.000Z,2021-06-10T20:35:08.000Z,0.00037345,0.00038334,0.00035848,0.00036695,0.0,367247.79,2021-06-10T23:59:59.999Z
157,2021-06-11T00:00:00.000Z,2021-06-11T23:59:59.999Z,2021-06-11T10:46:07.000Z,2021-06-11T02:19:08.000Z,0.00036703,0.00037609,0.00036044,0.00037274,0.0,373044.54,2021-06-11T23:59:59.999Z
158,2021-06-12T00:00:00.000Z,2021-06-12T23:59:59.999Z,2021-06-12T00:09:07.000Z,2021-06-12T10:26:07.000Z,0.00037334,0.00037409,0.00034728,0.00035509,0.0,355381.15,2021-06-12T23:59:59.999Z
159,2021-06-13T00:00:00.000Z,2021-06-13T23:59:59.999Z,2021-06-13T21:00:07.000Z,2021-06-13T04:05:08.000Z,0.00035553,0.00039323,0.00034864,0.00039093,0.0,391250.95,2021-06-13T23:59:59.999Z
160,2021-06-14T00:00:00.000Z,2021-06-14T23:59:59.999Z,2021-06-14T14:32:10.000Z,2021-06-14T03:46:08.000Z,0.00039098,0.00040978,0.00038757,0.00039995,1.02,400277.4,2021-06-14T23:59:59.999Z
161,2021-06-15T00:00:00.000Z,2021-06-15T23:59:59.999Z,2021-06-15T18:16:08.000Z,2021-06-15T09:11:09.000Z,0.00040369,0.00041295,0.00039609,0.00040425,1.01,404578.33,2021-06-15T23:59:59.999Z
162,2021-06-16T00:00:00.000Z,2021-06-16T23:59:59.999Z,2021-06-16T06:28:06.000Z,2021-06-16T23:28:06.000Z,0.00040155,0.00040479,0.00038176,0.00038338,0.0,383690.29,2021-06-16T23:59:59.999Z
163,2021-06-17T00:00:00.000Z,2021-06-17T23:59:59.999Z,2021-06-17T09:59:06.000Z,2021-06-17T20:07:06.000Z,0.00038347,0.00039514,0.0003744,0.00038054,0.0,380844.36,2021-06-17T23:59:59.999Z
164,2021-06-18T00:00:00.000Z,2021-06-18T23:59:59.999Z,2021-06-18T00:18:06.000Z,2021-06-18T18:58:06.000Z,0.00038054,0.00038187,0.00035256,0.00035787,0.0,358163.34,2021-06-18T23:59:59.999Z
165,2021-06-19T00:00:00.000Z,2021-06-19T23:59:59.999Z,2021-06-19T12:16:06.000Z,2021-06-19T03:49:06.000Z,0.00035855,0.00036458,0.00034933,0.00035616,0.0,356448.2,2021-06-19T23:59:59.999Z
166,2021-06-20T00:00:00.000Z,2021-06-20T23:59:59.999Z,2021-06-20T20:31:06.000Z,2021-06-20T12:24:06.000Z,0.00035563,0.00036059,0.00033432,0.00035698,0.0,357273.14,2021-06-20T23:59:59.999Z
167,2021-06-21T00:00:00.000Z,2021-06-21T23:59:59.999Z,2021-06-21T00:03:06.000Z,2021-06-21T23:00:06.000Z,0.00035698,0.00035722,0.00031296,0.00031677,0.0,317024.42,2021-06-21T23:59:59.999Z
168,2021-06-22T00:00:00.000Z,2021-06-22T23:59:59.999Z,2021-06-22T18:45:07.000Z,2021-06-22T13:56:07.000Z,0.00031677,0.00033292,0.00028894,0.00032506,0.0,325320.82,2021-06-22T23:59:59.999Z
169,2021-06-23T00:00:00.000Z,2021-06-23T23:59:59.999Z,2021-06-23T13:16:06.000Z,2021-06-23T00:19:06.000Z,0.00032506,0.00034753,0.00031773,0.00033755,0.0,337829.14,2021-06-23T23:59:59.999Z
170,2021-06-24T00:00:00.000Z,2021-06-24T23:59:59.999Z,2021-06-24T18:02:08.000Z,2021-06-24T02:35:07.000Z,0.00033654,0.00035229,0.00032385,0.00034682,0.0,347098.04,2021-06-24T23:59:59.999Z
171,2021-06-25T00:00:00.000Z,2021-06-25T23:59:59.999Z,2021-06-25T02:17:08.000Z,2021-06-25T22:54:09.000Z,0.00034662,0.00035487,0.00031351,0.00031651,0.0,316763.93,2021-06-25T23:59:59.999Z
172,2021-06-26T00:00:00.000Z,2021-06-26T23:59:59.999Z,2021-06-26T05:06:11.000Z,2021-06-26T08:20:08.000Z,0.00031638,0.00032638,0.00030185,0.00032099,0.0,321255.52,2021-06-26T23:59:59.999Z
173,2021-06-27T00:00:00.000Z,2021-06-27T23:59:59.999Z,2021-06-27T23:57:09.000Z,2021-06-27T00:08:09.000Z,0.00032186,0.00034656,0.00032072,0.00034602,0.0,346301.25,2021-06-27T23:59:59.999Z
174,2021-06-28T00:00:00.000Z,2021-06-28T23:59:59.999Z,2021-06-28T07:49:09.000Z,2021-06-28T12:03:11.000Z,0.0003465,0.0003522,0.00033902,0.00034454,0.0,344823.25,2021-06-28T23:59:59.999Z
175,2021-06-29T00:00:00.000Z,2021-06-29T23:59:59.999Z,2021-06-29T17:35:08.000Z,2021-06-29T03:05:09.000Z,0.00034434,0.00036542,0.00034252,0.00035926,0.0,359553.2,2021-06-29T23:59:59.999Z
176,2021-06-30T00:00:00.000Z,2021-06-30T23:59:59.999Z,2021-06-30T00:35:08.000Z,2021-06-30T16:07:09.000Z,0.00035868,0.00036075,0.00034086,0.00035033,0.0,350616.73,2021-06-30T23:59:59.999Z
177,2021-07-01T00:00:00.000Z,2021-07-01T23:59:59.999Z,2021-07-01T00:00:09.000Z,2021-07-01T19:38:06.000Z,0.00035041,0.00035041,0.00032884,0.00033536,0.0,335630.12,2021-07-01T23:59:59.999Z
178,2021-07-02T00:00:00.000Z,2021-07-02T23:59:59.999Z,2021-07-02T00:14:06.000Z,2021-07-02T06:19:07.000Z,0.00033572,0.0003394,0.00032771,0.00033899,0.0,339264.01,2021-07-02T23:59:59.999Z
179,2021-07-03T00:00:00.000Z,2021-07-03T23:59:59.999Z,2021-07-03T17:46:07.000Z,2021-07-03T03:48:07.000Z,0.00033897,0.00034909,0.00033403,0.0003467,0.0,346981.64,2021-07-03T23:59:59.999Z
180,2021-07-04T00:00:00.000Z,2021-07-04T23:59:59.999Z,2021-07-04T21:58:07.000Z,2021-07-04T01:26:07.000Z,0.00034669,0.00035938,0.00034396,0.00035279,0.0,353076.58,2021-07-04T23:59:59.999Z
181,2021-07-05T00:00:00.000Z,2021-07-05T23:59:59.999Z,2021-07-05T00:00:15.000Z,2021-07-05T17:45:07.000Z,0.00035288,0.00035288,0.00033214,0.00033822,0.0,338493.43,2021-07-05T23:59:59.999Z
182,2021-07-06T00:00:00.000Z,2021-07-06T23:59:59.999Z,2021-07-06T09:00:07.000Z,2021-07-06T17:17:07.000Z,0.00033746,0.00035039,0.000336,0.00034202,0.0,342301.36,2021-07-06T23:59:59.999Z
183,2021-07-07T00:00:00.000Z,2021-07-07T23:59:59.999Z,2021-07-07T12:42:07.000Z,2021-07-07T23:59:07.000Z,0.00034235,0.00034998,0.00033839,0.00033839,0.0,338667.95,2021-07-07T23:59:59.999Z
184,2021-07-08T00:00:00.000Z,2021-07-08T23:59:59.999Z,2021-07-08T00:03:07.000Z,2021-07-08T11:06:07.000Z,0.00033855,0.00033908,0.00032133,0.00032845,0.0,328713.92,2021-07-08T23:59:59.999Z
185,2021-07-09T00:00:00.000Z,2021-07-09T23:59:59.999Z,2021-07-09T22:44:07.000Z,2021-07-09T01:14:07.000Z,0.00032877,0.00034042,0.00032319,0.00033863,0.0,338903.28,2021-07-09T23:59:59.999Z
186,2021-07-10T00:00:00.000Z,2021-07-10T23:59:59.999Z,2021-07-10T00:45:07.000Z,2021-07-10T20:18:07.000Z,0.00033798,0.00034209,0.00033116,0.00033508,0.0,335348.32,2021-07-10T23:59:59.999Z
187,2021-07-11T00:00:00.000Z,2021-07-11T23:59:59.999Z,2021-07-11T22:03:07.000Z,2021-07-11T04:33:07.000Z,0.00033521,0.00034585,0.00033347,0.00034236,0.0,342635.34,2021-07-11T23:59:59.999Z
188,2021-07-12T00:00:00.000Z,2021-07-12T23:59:59.999Z,2021-07-12T04:24:07.000Z,2021-07-12T20:08:09.000Z,0.0003424,0.00034592,0.00032697,0.00033159,0.0,331856.26,2021-07-12T23:59:59.999Z
189,2021-07-13T00:00:00.000Z,2021-07-13T23:59:59.999Z,2021-07-13T10:02:09.000Z,2021-07-13T20:04:09.000Z,0.00033156,0.00033327,0.00032261,0.00032695,0.0,327219.88,2021-07-13T23:59:59.999Z
190,2021-07-14T00:00:00.000Z,2021-07-14T23:59:59.999Z,2021-07-14T18:41:09.000Z,2021-07-14T09:02:09.000Z,0.00032702,0.00033061,0.00031639,0.00032822,0.0,328486.71,2021-07-14T23:59:59.999Z
191,2021-07-15T00:00:00.000Z,2021-07-15T23:59:59.999Z,2021-07-15T01:04:09.000Z,2021-07-15T17:55:07.000Z,0.00032822,0.0003316,0.00031176,0.0003171,0.0,317355.36,2021-07-15T23:59:59.999Z
192,2021-07-16T00:00:00.000Z,2021-07-16T23:59:59.999Z,2021-07-16T16:36:07.000Z,2021-07-16T11:45:13.000Z,0.00031781,0.00032218,0.00031101,0.00031428,0.0,314533.74,2021-07-16T23:59:59.999Z
193,2021-07-17T00:00:00.000Z,2021-07-17T23:59:59.999Z,2021-07-17T08:47:06.000Z,2021-07-17T04:08:06.000Z,0.00031397,0.00031936,0.00031224,0.00031526,0.0,315516.06,2021-07-17T23:59:59.999Z
194,2021-07-18T00:00:00.000Z,2021-07-18T23:59:59.999Z,2021-07-18T01:35:06.000Z,2021-07-18T14:43:07.000Z,0.00031534,0.00032399,0.00031215,0.00031786,0.0,318117.02,2021-07-18T23:59:59.999Z
195,2021-07-19T00:00:00.000Z,2021-07-19T23:59:59.999Z,2021-07-19T05:50:06.000Z,2021-07-19T14:08:07.000Z,0.00031797,0.00031886,0.00030564,0.00030816,0.0,308412.46,2021-07-19T23:59:59.999Z
196,2021-07-20T00:00:00.000Z,2021-07-20T23:59:59.999Z,2021-07-20T00:19:08.000Z,2021-07-20T14:19:28.000Z,0.00030818,0.00031006,0.00029361,0.00029807,0.0,298315.77,2021-07-20T23:59:59.999Z
197,2021-07-21T00:00:00.000Z,2021-07-21T23:59:59.999Z,2021-07-21T18:14:31.000Z,2021-07-21T01:18:33.000Z,0.00029807,0.00032752,0.00029526,0.00032111,0.0,321367.94,2021-07-21T23:59:59.999Z
198,2021-07-22T00:00:00.000Z,2021-07-22T23:59:59.999Z,2021-07-22T16:04:25.000Z,2021-07-22T11:15:24.000Z,0.00032111,0.00032576,0.00031745,0.00032313,0.0,323393.72,2021-07-22T23:59:59.999Z
199,2021-07-23T00:00:00.000Z,2021-07-23T23:59:59.999Z,2021-07-23T23:59:25.000Z,2021-07-23T17:16:22.000Z,0.00032313,0.00033582,0.00032058,0.00033582,0.0,336088.47,2021-07-23T23:59:59.999Z
200,2021-07-24T00:00:00.000Z,2021-07-24T23:59:59.999Z,2021-07-24T17:09:25.000Z,2021-07-24T00:13:21.000Z,0.00033582,0.0003449,0.00033425,0.00034274,0.0,343017.95,2021-07-24T23:59:59.999Z
201,2021-07-25T00:00:00.000Z,2021-07-25T23:59:59.999Z,2021-07-25T23:58:17.000Z,2021-07-25T14:29:22.000Z,0.00034292,0.00035365,0.00033882,0.0003535,0.0,353789.21,2021-07-25T23:59:59.999Z
202,2021-07-26T00:00:00.000Z,2021-07-26T23:59:59.999Z,2021-07-26T19:27:06.000Z,2021-07-26T00:05:24.000Z,0.00035384,0.000405,0.00035287,0.00037375,0.0,374051.79,2021-07-26T23:59:59.999Z
203,2021-07-27T00:00:00.000Z,2021-07-27T23:59:59.999Z,2021-07-27T23:59:06.000Z,2021-07-27T03:06:07.000Z,0.00037338,0.00039392,0.00036442,0.00039392,0.0,394242.1,2021-07-27T23:59:59.999Z
204,2021-07-28T00:00:00.000Z,2021-07-28T23:59:59.999Z,2021-07-28T11:37:06.000Z,2021-07-28T18:02:07.000Z,0.00039407,0.00040816,0.00038862,0.00040019,0.0,400511.4,2021-07-28T23:59:59.999Z
205,2021-07-29T00:00:00.000Z,2021-07-29T23:59:59.999Z,2021-07-29T09:49:07.000Z,2021-07-29T01:26:07.000Z,0.00039996,0.00040593,0.00039352,0.0003999,0.0,400222.41,2021-07-29T23:59:59.999Z
206,2021-07-30T00:00:00.000Z,2021-07-30T23:59:59.999Z,2021-07-30T23:56:11.000Z,2021-07-30T09:30:23.000Z,0.00040008,0.00042144,0.00038397,0.00042129,0.0,421633.59,2021-07-30T23:59:59.999Z
207,2021-07-31T00:00:00.000Z,2021-07-31T23:59:59.999Z,2021-07-31T00:00:24.000Z,2021-07-31T17:38:11.000Z,0.00042236,0.00042236,0.00041111,0.00041706,0.0,417403.77,2021-07-31T23:59:59.999Z
208,2021-08-01T00:00:00.000Z,2021-08-01T23:59:59.999Z,2021-08-01T03:59:13.000Z,2021-08-01T23:30:07.000Z,0.00041626,0.00042542,0.00039541,0.00040068,0.0,401002.57,2021-08-01T23:59:59.999Z
209,2021-08-02T00:00:00.000Z,2021-08-02T23:59:59.999Z,2021-08-02T07:10:13.000Z,2021-08-02T20:51:24.000Z,0.00039975,0.00040419,0.00038746,0.00039176,0.0,392080.86,2021-08-02T23:59:59.999Z
210,2021-08-03T00:00:00.000Z,2021-08-03T23:59:59.999Z,2021-08-03T00:47:08.000Z,2021-08-03T18:09:46.000Z,0.00039202,0.0003975,0.00037782,0.00038153,0.0,381839.95,2021-08-03T23:59:59.999Z
211,2021-08-04T00:00:00.000Z,2021-08-04T23:59:59.999Z,2021-08-04T22:29:09.000Z,2021-08-04T08:51:18.000Z,0.00038211,0.00039946,0.00037629,0.00039771,0.0,398037.13,2021-08-04T23:59:59.999Z
212,2021-08-05T00:00:00.000Z,2021-08-05T23:59:59.999Z,2021-08-05T19:14:05.000Z,2021-08-05T12:48:05.000Z,0.00039748,0.00041342,0.00037458,0.00040871,0.0,409045.54,2021-08-05T23:59:59.999Z
213,2021-08-06T00:00:00.000Z,2021-08-06T23:59:59.999Z,2021-08-06T17:47:05.000Z,2021-08-06T04:28:05.000Z,0.0004087,0.00043272,0.00039932,0.00042886,0.0,429207.55,2021-08-06T23:59:59.999Z
214,2021-08-07T00:00:00.000Z,2021-08-07T23:59:59.999Z,2021-08-07T23:58:05.000Z,2021-08-07T16:22:05.000Z,0.00042816,0.0004469,0.00042619,0.00044678,0.0,447147.85,2021-08-07T23:59:59.999Z
215,2021-08-08T00:00:00.000Z,2021-08-08T23:59:59.999Z,2021-08-08T06:44:05.000Z,2021-08-08T19:19:05.000Z,0.00044556,0.00045282,0.00043332,0.00043755,0.0,437905.98,2021-08-08T23:59:59.999Z
216,2021-08-09T00:00:00.000Z,2021-08-09T23:59:59.999Z,2021-08-09T18:50:06.000Z,2021-08-09T01:16:05.000Z,0.00043798,0.00046457,0.00042849,0.00046286,0.0,463240.5,2021-08-09T23:59:59.999Z
217,2021-08-10T00:00:00.000Z,2021-08-10T23:59:59.999Z,2021-08-10T00:09:06.000Z,2021-08-10T16:35:06.000Z,0.00046365,0.00046638,0.00044706,0.00045561,0.0,455983.92,2021-08-10T23:59:59.999Z
218,2021-08-11T00:00:00.000Z,2021-08-11T23:59:59.999Z,2021-08-11T15:32:05.000Z,2021-08-11T02:49:06.000Z,0.00045585,0.00046736,0.00045352,0.00045658,0.0,456947.56,2021-08-11T23:59:59.999Z
219,2021-08-12T00:00:00.000Z,2021-08-12T23:59:59.999Z,2021-08-12T03:33:05.000Z,2021-08-12T16:33:05.000Z,0.00045594,0.00046229,0.00043861,0.00044432,0.0,444682.01,2021-08-12T23:59:59.999Z
220,2021-08-13T00:00:00.000Z,2021-08-13T23:59:59.999Z,2021-08-13T23:59:05.000Z,2021-08-13T00:20:05.000Z,0.00044428,0.00047832,0.00044282,0.00047832,0.0,478708.56,2021-08-13T23:59:59.999Z
221,2021-08-14T00:00:00.000Z,2021-08-14T23:59:59.999Z,2021-08-14T09:45:05.000Z,2021-08-14T11:04:05.000Z,0.00047793,0.00048099,0.00046178,0.0004707,0.0,471084.44,2021-08-14T23:59:59.999Z
222,2021-08-15T00:00:00.000Z,2021-08-15T23:59:59.999Z,2021-08-15T01:36:05.000Z,2021-08-15T13:47:05.000Z,0.00047097,0.00047357,0.0004558,0.00047089,0.0,471271.13,2021-08-15T23:59:59.999Z
223,2021-08-16T00:00:00.000Z,2021-08-16T23:59:59.999Z,2021-08-16T03:01:05.000Z,2021-08-16T20:25:05.000Z,0.00047047,0.00047998,0.000457,0.00046047,0.0,460842.97,2021-08-16T23:59:59.999Z
224,2021-08-17T00:00:00.000Z,2021-08-17T23:59:59.999Z,2021-08-17T11:48:05.000Z,2021-08-17T22:29:05.000Z,0.00046004,0.0004714,0.00044512,0.000447,0.0,447364.07,2021-08-17T23:59:59.999Z
225,2021-08-18T00:00:00.000Z,2021-08-18T23:59:59.999Z,2021-08-18T16:54:05.000Z,2021-08-18T01:17:05.000Z,0.00044695,0.00045952,0.00044364,0.00044824,0.0,448603.68,2021-08-18T23:59:59.999Z
226,2021-08-19T00:00:00.000Z,2021-08-19T23:59:59.999Z,2021-08-19T23:03:05.000Z,2021-08-19T04:20:06.000Z,0.00044801,0.00046971,0.00043998,0.00046705,0.0,467433.38,2021-08-19T23:59:59.999Z
227,2021-08-20T00:00:00.000Z,2021-08-20T23:59:59.999Z,2021-08-20T23:59:06.000Z,2021-08-20T00:10:05.000Z,0.00046718,0.00049342,0.00046651,0.00049342,0.0,493822.6,2021-08-20T23:59:59.999Z
228,2021-08-21T00:00:00.000Z,2021-08-21T23:59:59.999Z,2021-08-21T17:53:06.000Z,2021-08-21T11:14:05.000Z,0.00049339,0.00049717,0.00048312,0.00048929,0.0,489684.45,2021-08-21T23:59:59.999Z
229,2021-08-22T00:00:00.000Z,2021-08-22T23:59:59.999Z,2021-08-22T23:22:06.000Z,2021-08-22T15:02:06.000Z,0.00048905,0.00049472,0.000482,0.00049332,0.0,493725.75,2021-08-22T23:59:59.999Z
230,2021-08-23T00:00:00.000Z,2021-08-23T23:59:59.999Z,2021-08-23T11:57:07.000Z,2021-08-23T20:08:07.000Z,0.00049322,0.00050482,0.00049075,0.00049535,0.0,495751.03,2021-08-23T23:59:59.999Z
231,2021-08-24T00:00:00.000Z,2021-08-24T23:59:59.999Z,2021-08-24T07:09:10.000Z,2021-08-24T23:54:22.000Z,0.00049546,0.00049879,0.00047687,0.00047756,0.0,477948.2,2021-08-24T23:59:59.999Z
232,2021-08-25T00:00:00.000Z,2021-08-25T23:59:59.999Z,2021-08-25T22:01:29.000Z,2021-08-25T09:44:27.000Z,0.00047727,0.00049203,0.00047164,0.00048962,0.0,490015.66,2021-08-25T23:59:59.999Z
233,2021-08-26T00:00:00.000Z,2021-08-26T23:59:59.999Z,2021-08-26T00:55:38.000Z,2021-08-26T12:07:35.000Z,0.00049003,0.00049348,0.00046406,0.00046941,0.0,469788.63,2021-08-26T23:59:59.999Z
234,2021-08-27T00:00:00.000Z,2021-08-27T23:59:59.999Z,2021-08-27T23:41:38.000Z,2021-08-27T00:21:34.000Z,0.00046895,0.00049104,0.00046394,0.00049059,0.0,490985.47,2021-08-27T23:59:59.999Z
235,2021-08-28T00:00:00.000Z,2021-08-28T23:59:59.999Z,2021-08-28T00:53:34.000Z,2021-08-28T14:42:37.000Z,0.00049059,0.00049265,0.00048499,0.00048902,0.0,489421.52,2021-08-28T23:59:59.999Z
236,2021-08-29T00:00:00.000Z,2021-08-29T23:59:59.999Z,2021-08-29T01:16:45.000Z,2021-08-29T04:06:42.000Z,0.00048902,0.00049644,0.00047926,0.00048825,0.0,488644.47,2021-08-29T23:59:59.999Z
237,2021-08-30T00:00:00.000Z,2021-08-30T23:59:59.999Z,2021-08-30T00:13:33.000Z,2021-08-30T23:49:52.000Z,0.0004883,0.00048926,0.0004695,0.00046991,0.0,470288.75,2021-08-30T23:59:59.999Z
238,2021-08-31T00:00:00.000Z,2021-08-31T23:59:59.999Z,2021-08-31T12:03:45.000Z,2021-08-31T00:47:21.000Z,0.00047055,0.0004815,0.0004675,0.00047206,0.0,472444.07,2021-08-31T23:59:59.999Z
239,2021-09-01T00:00:00.000Z,2021-09-01T23:59:59.999Z,2021-09-01T17:50:46.000Z,2021-09-01T01:23:45.000Z,0.00047167,0.00049111,0.00046562,0.00048847,0.0,488867.34,2021-09-01T23:59:59.999Z
240,2021-09-02T00:00:00.000Z,2021-09-02T23:59:59.999Z,2021-09-02T14:14:06.000Z,2021-09-02T00:07:21.000Z,0.00048847,0.00050343,0.00048707,0.0004934,0.0,493803.58,2021-09-02T23:59:59.999Z
241,2021-09-03T00:00:00.000Z,2021-09-03T23:59:59.999Z,2021-09-03T14:36:06.000Z,2021-09-03T01:33:06.000Z,0.00049328,0.00050982,0.00048386,0.0005004,0.0,500804.14,2021-09-03T23:59:59.999Z
242,2021-09-04T00:00:00.000Z,2021-09-04T23:59:59.999Z,2021-09-04T10:06:06.000Z,2021-09-04T17:28:06.000Z,0.00050025,0.00050546,0.00049549,0.00049944,0.0,499849.7,2021-09-04T23:59:59.999Z
243,2021-09-05T00:00:00.000Z,2021-09-05T23:59:59.999Z,2021-09-05T22:59:09.000Z,2021-09-05T06:24:08.000Z,0.00049945,0.00051869,0.00049539,0.00051748,0.0,517903.3,2021-09-05T23:59:59.999Z
244,2021-09-06T00:00:00.000Z,2021-09-06T23:59:59.999Z,2021-09-06T23:35:29.000Z,2021-09-06T12:05:11.000Z,0.00051753,0.00052701,0.00051054,0.00052648,0.0,526912.36,2021-09-06T23:59:59.999Z
245,2021-09-07T00:00:00.000Z,2021-09-07T23:59:59.999Z,2021-09-07T03:22:51.000Z,2021-09-07T15:11:06.000Z,0.00052634,0.00052854,0.00043285,0.0004682,0.0,468583.5,2021-09-07T23:59:59.999Z
246,2021-09-08T00:00:00.000Z,2021-09-08T23:59:59.999Z,2021-09-08T02:22:06.000Z,2021-09-08T08:25:06.000Z,0.00046811,0.00047334,0.00044561,0.00046092,0.0,461291.71,2021-09-08T23:59:59.999Z
247,2021-09-09T00:00:00.000Z,2021-09-09T23:59:59.999Z,2021-09-09T16:56:06.000Z,2021-09-09T03:06:06.000Z,0.0004579,0.00047262,0.0004567,0.00046377,0.0,464150.2,2021-09-09T23:59:59.999Z
248,2021-09-10T00:00:00.000Z,2021-09-10T23:59:59.999Z,2021-09-10T01:44:07.000Z,2021-09-10T23:02:06.000Z,0.00046397,0.00047032,0.00044344,0.00044871,0.0,449079.62,2021-09-10T23:59:59.999Z
249,2021-09-11T00:00:00.000Z,2021-09-11T23:59:59.999Z,2021-09-11T16:43:06.000Z,2021-09-11T00:06:06.000Z,0.00044884,0.00045969,0.00044818,0.00045183,0.0,452200.41,2021-09-11T23:59:59.999Z
250,2021-09-12T00:00:00.000Z,2021-09-12T23:59:59.999Z,2021-09-12T23:16:06.000Z,2021-09-12T01:26:06.000Z,0.00045201,0.00046365,0.0004479,0.000461,0.0,461372.63,2021-09-12T23:59:59.999Z
251,2021-09-13T00:00:00.000Z,2021-09-13T23:59:59.999Z,2021-09-13T13:47:06.000Z,2021-09-13T14:21:06.000Z,0.00046063,0.00046598678985,0.00043591320785,0.00044965648543,0.0,450021.99,2021-09-13T23:59:59.999Z
252,2021-09-14T00:00:00.000Z,2021-09-14T23:59:59.999Z,2021-09-14T22:59:06.000Z,2021-09-14T00:28:07.000Z,0.00044963072633,0.00047218125355,0.00044752331349,0.00047073778607,0.0,471120.42,2021-09-14T23:59:59.999Z
253,2021-09-15T00:00:00.000Z,2021-09-15T23:59:59.999Z,2021-09-15T23:20:06.000Z,2021-09-15T06:25:06.000Z,0.00047092493833,0.00048450468466,0.00046773326543,0.00048174239989,0.0,482133.98,2021-09-15T23:59:59.999Z
254,2021-09-16T00:00:00.000Z,2021-09-16T23:59:59.999Z,2021-09-16T07:14:07.000Z,2021-09-16T20:55:07.000Z,0.00048176346393,0.00048486829411,0.00047079557123,0.00047777824957,0.0,478166.61,2021-09-16T23:59:59.999Z
255,2021-09-17T00:00:00.000Z,2021-09-17T23:59:59.999Z,2021-09-17T05:03:06.000Z,2021-09-17T18:18:06.000Z,0.00047783357805,0.00048160920748,0.00046832524599,0.00047228080928,0.0,472664.7,2021-09-17T23:59:59.999Z
256,2021-09-18T00:00:00.000Z,2021-09-18T23:59:59.999Z,2021-09-18T09:21:06.000Z,2021-09-18T00:49:06.000Z,0.00047267520023,0.00048791779372,0.00047087284195,0.00048247499009,0.0,482867.17,2021-09-18T23:59:59.999Z
257,2021-09-19T00:00:00.000Z,2021-09-19T23:59:59.999Z,2021-09-19T00:06:06.000Z,2021-09-19T22:49:06.000Z,0.00048278363515,0.00048328367336,0.00046919804757,0.00047271725655,0.0,473101.5,2021-09-19T23:59:59.999Z
258,2021-09-20T00:00:00.000Z,2021-09-20T23:59:59.999Z,2021-09-20T00:03:06.000Z,2021-09-20T23:34:06.000Z,0.00047260217331,0.00047328198842,0.00042598915849,0.00042878566202,0.0,429134.2,2021-09-20T23:59:59.999Z
259,2021-09-21T00:00:00.000Z,2021-09-21T23:59:59.999Z,2021-09-21T10:51:09.000Z,2021-09-21T21:21:06.000Z,0.00042843802441,0.00043607609982,0.00039787609798,0.00040556322176,0.0,405892.88,2021-09-21T23:59:59.999Z
260,2021-09-22T00:00:00.000Z,2021-09-22T23:59:59.999Z,2021-09-22T18:24:19.000Z,2021-09-22T00:48:06.000Z,0.00040693677192,0.00043978619223,0.00040625634191,0.00043584824685,0.0,436202.52,2021-09-22T23:59:59.999Z
261,2021-09-23T00:00:00.000Z,2021-09-23T23:59:59.999Z,2021-09-23T22:56:07.000Z,2021-09-23T01:04:08.000Z,0.00043574509433,0.00044930173551,0.00043109338288,0.00044898883063,0.0,449353.79,2021-09-23T23:59:59.999Z
262,2021-09-24T00:00:00.000Z,2021-09-24T23:59:59.999Z,2021-09-24T07:48:07.000Z,2021-09-24T11:20:07.000Z,0.00044895096602,0.00045080491063,0.00040936557169,0.00042839751696,0.0,428745.74,2021-09-24T23:59:59.999Z
263,2021-09-25T00:00:00.000Z,2021-09-25T23:59:59.999Z,2021-09-25T10:15:07.000Z,2021-09-25T08:36:07.000Z,0.00042839751696,0.00042996259704,0.00041759920425,0.00042716748922,0.0,427514.71,2021-09-25T23:59:59.999Z
264,2021-09-26T00:00:00.000Z,2021-09-26T23:59:59.999Z,2021-09-26T22:11:07.000Z,2021-09-26T07:55:07.000Z,0.00042716593147,0.0004391930097,0.0004084846166,0.00043208539105,0.0,432436.61,2021-09-26T23:59:59.999Z
265,2021-09-27T00:00:00.000Z,2021-09-27T23:59:59.999Z,2021-09-27T02:02:07.000Z,2021-09-27T23:47:07.000Z,0.00043208539105,0.00044299975191,0.00042190632576,0.00042235970731,0.0,422703.02,2021-09-27T23:59:59.999Z
266,2021-09-28T00:00:00.000Z,2021-09-28T23:59:59.999Z,2021-09-28T04:31:07.000Z,2021-09-28T23:53:06.000Z,0.00042235731847,0.00042764847778,0.000409316625,0.00040976084711,0.0,410093.92,2021-09-28T23:59:59.999Z
267,2021-09-29T00:00:00.000Z,2021-09-29T23:59:59.999Z,2021-09-29T12:21:07.000Z,2021-09-29T00:17:07.000Z,0.00041034544665,0.0004254525855,0.00040829669276,0.00041533404736,0.0,415671.65,2021-09-29T23:59:59.999Z
268,2021-09-30T00:00:00.000Z,2021-09-30T23:59:59.999Z,2021-09-30T19:04:07.000Z,2021-09-30T00:08:07.000Z,0.00041564363481,0.00044092600563,0.00041444581604,0.00043778547355,0.0,438141.33,2021-09-30T23:59:59.999Z
269,2021-10-01T00:00:00.000Z,2021-10-01T23:59:59.999Z,2021-10-01T22:10:07.000Z,2021-10-01T02:52:07.000Z,0.00043790895625,0.00048436011271,0.00043320022979,0.00048141461606,0.0,481805.93,2021-10-01T23:59:59.999Z
270,2021-10-02T00:00:00.000Z,2021-10-02T23:59:59.999Z,2021-10-02T13:53:07.000Z,2021-10-02T03:55:07.000Z,0.00048116941218,0.00048282060881,0.00047465495758,0.00047730751705,0.0,477695.49,2021-10-02T23:59:59.999Z
271,2021-10-03T00:00:00.000Z,2021-10-03T23:59:59.999Z,2021-10-03T18:07:07.000Z,2021-10-03T00:52:07.000Z,0.00047711486463,0.0004913069221,0.00047157287606,0.0004819352492,0.0,482326.99,2021-10-03T23:59:59.999Z
272,2021-10-04T00:00:00.000Z,2021-10-04T23:59:59.999Z,2021-10-04T18:49:07.000Z,2021-10-04T15:04:07.000Z,0.00048199951557,0.00049456775782,0.00047045003747,0.00049110237662,0.0,491501.57,2021-10-04T23:59:59.999Z
273,2021-10-05T00:00:00.000Z,2021-10-05T23:59:59.999Z,2021-10-05T21:43:07.000Z,2021-10-05T00:07:07.000Z,0.00049112901282,0.0005183998572,0.00049072839249,0.00051490919579,0.0,515327.74,2021-10-05T23:59:59.999Z
274,2021-10-06T00:00:00.000Z,2021-10-06T23:59:59.999Z,2021-10-06T23:38:07.000Z,2021-10-06T09:46:07.000Z,0.0005151481406,0.00055568463546,0.00050488190747,0.00055395778993,0.0,554408.07,2021-10-06T23:59:59.999Z
275,2021-10-07T00:00:00.000Z,2021-10-07T23:59:59.999Z,2021-10-07T00:00:07.000Z,2021-10-07T16:15:07.000Z,0.0005536144943,0.0005536144943,0.00053525468346,0.00053803530268,0.0,538472.64,2021-10-07T23:59:59.999Z
276,2021-10-08T00:00:00.000Z,2021-10-08T23:59:59.999Z,2021-10-08T08:40:07.000Z,2021-10-08T05:09:07.000Z,0.00053805985164,0.00055922981022,0.00053688055287,0.00053954145345,0.0,539980.02,2021-10-08T23:59:59.999Z
277,2021-10-09T00:00:00.000Z,2021-10-09T23:59:59.999Z,2021-10-09T13:50:07.000Z,2021-10-09T00:08:07.000Z,0.00053967846767,0.0005539794347,0.00053735142882,0.00054959152334,0.0,550038.26,2021-10-09T23:59:59.999Z
278,2021-10-10T00:00:00.000Z,2021-10-10T23:59:59.999Z,2021-10-10T20:28:07.000Z,2021-10-10T02:05:07.000Z,0.0005496822445,0.00056401304241,0.00054264256389,0.00054809783611,0.0,548543.35,2021-10-10T23:59:59.999Z
279,2021-10-11T00:00:00.000Z,2021-10-11T23:59:59.999Z,2021-10-11T19:48:07.000Z,2021-10-11T00:05:07.000Z,0.00054771579184,0.00057793039249,0.0005451976552,0.00057463320195,0.0,575100.29,2021-10-11T23:59:59.999Z
280,2021-10-12T00:00:00.000Z,2021-10-12T23:59:59.999Z,2021-10-12T06:15:07.000Z,2021-10-12T20:10:06.000Z,0.00057484789465,0.00057627878602,0.00054477974468,0.00056062772926,0.0,561083.43,2021-10-12T23:59:59.999Z
281,2021-10-13T00:00:00.000Z,2021-10-13T23:59:59.999Z,2021-10-13T21:44:06.000Z,2021-10-13T09:11:07.000Z,0.00056041056838,0.00057688660104,0.00054370973228,0.00057413899295,0.0,574605.68,2021-10-13T23:59:59.999Z
282,2021-10-14T00:00:00.000Z,2021-10-14T23:59:59.999Z,2021-10-14T02:28:07.000Z,2021-10-14T18:31:07.000Z,0.00057401097527,0.00058478735499,0.00056957076136,0.00057334417565,0.0,573810.22,2021-10-14T23:59:59.999Z
283,2021-10-15T00:00:00.000Z,2021-10-15T23:59:59.999Z,2021-10-15T20:29:06.000Z,2021-10-15T01:21:07.000Z,0.0005732152528,0.00062757129703,0.00056868142693,0.00061627578451,0.0,616776.72,2021-10-15T23:59:59.999Z
284,2021-10-16T00:00:00.000Z,2021-10-16T23:59:59.999Z,2021-10-16T05:31:07.000Z,2021-10-16T17:31:07.000Z,0.00061593950061,0.00062274477086,0.00060206120063,0.00060885333879,0.0,609348.24,2021-10-16T23:59:59.999Z
285,2021-10-17T00:00:00.000Z,2021-10-17T23:59:59.999Z,2021-10-17T23:54:06.000Z,2021-10-17T20:23:06.000Z,0.00060892180693,0.00061645522477,0.00059164468376,0.00061570497294,0.0,616205.44,2021-10-17T23:59:59.999Z
286,2021-10-18T00:00:00.000Z,2021-10-18T23:59:59.999Z,2021-10-18T07:37:07.000Z,2021-10-18T13:07:07.000Z,0.00061553617385,0.00062614659047,0.00060012756925,0.00062025963293,0.0,620763.81,2021-10-18T23:59:59.999Z
287,2021-10-19T00:00:00.000Z,2021-10-19T23:59:59.999Z,2021-10-19T23:44:06.000Z,2021-10-19T14:28:07.000Z,0.00062026077831,0.00064434533373,0.00061622933718,0.00064254697185,0.0,643069.26,2021-10-19T23:59:59.999Z
288,2021-10-20T00:00:00.000Z,2021-10-20T23:59:59.999Z,2021-10-20T14:54:06.000Z,2021-10-20T05:53:07.000Z,0.00064261991193,0.00066930387271,0.00063610674992,0.00066000859454,0.0,660545.08,2021-10-20T23:59:59.999Z
289,2021-10-21T00:00:00.000Z,2021-10-21T23:59:59.999Z,2021-10-21T09:37:07.000Z,2021-10-21T23:27:06.000Z,0.00065992837036,0.00066600546808,0.00062117408714,0.00062220275919,0.0,622708.51,2021-10-21T23:59:59.999Z
290,2021-10-22T00:00:00.000Z,2021-10-22T23:59:59.999Z,2021-10-22T09:05:07.000Z,2021-10-22T16:17:07.000Z,0.00062210173076,0.00063715021682,0.00060122797817,0.00060697108232,0.0,607464.45,2021-10-22T23:59:59.999Z
291,2021-10-23T00:00:00.000Z,2021-10-23T23:59:59.999Z,2021-10-23T12:41:07.000Z,2021-10-23T11:04:07.000Z,0.00060692264433,0.00061743878006,0.00059826521738,0.00061371950497,0.0,614218.36,2021-10-23T23:59:59.999Z
292,2021-10-24T00:00:00.000Z,2021-10-24T23:59:59.999Z,2021-10-24T00:12:06.000Z,2021-10-24T16:12:07.000Z,0.00061393617192,0.0006150580335,0.00059643345378,0.00060953402243,0.0,610029.48,2021-10-24T23:59:59.999Z
293,2021-10-25T00:00:00.000Z,2021-10-25T23:59:59.999Z,2021-10-25T16:55:07.000Z,2021-10-25T00:09:07.000Z,0.00060930836442,0.00063729325708,0.00060691798954,0.00063023413519,0.0,630746.42,2021-10-25T23:59:59.999Z
294,2021-10-26T00:00:00.000Z,2021-10-26T23:59:59.999Z,2021-10-26T00:31:07.000Z,2021-10-26T22:57:06.000Z,0.00063039825514,0.00063229026405,0.00059991160687,0.00060342296971,0.0,603913.46,2021-10-26T23:59:59.999Z
295,2021-10-27T00:00:00.000Z,2021-10-27T23:59:59.999Z,2021-10-27T04:40:07.000Z,2021-10-27T08:11:07.000Z,0.0006036379205,0.00061435184597,0.00058208189054,0.00058522901591,0.0,585704.72,2021-10-27T23:59:59.999Z
296,2021-10-28T00:00:00.000Z,2021-10-28T23:59:59.999Z,2021-10-28T20:08:07.000Z,2021-10-28T18:41:07.000Z,0.0005848238794,0.00062128632946,0.00058206917855,0.00060614323205,0.0,606635.93,2021-10-28T23:59:59.999Z
297,2021-10-29T00:00:00.000Z,2021-10-29T23:59:59.999Z,2021-10-29T16:20:07.000Z,2021-10-29T00:18:06.000Z,0.00060622136709,0.00062927609641,0.00060329965069,0.00062248502744,0.0,622991.01,2021-10-29T23:59:59.999Z
298,2021-10-30T00:00:00.000Z,2021-10-30T23:59:59.999Z,2021-10-30T00:04:07.000Z,2021-10-30T14:45:06.000Z,0.00062227964594,0.0006233014553,0.00060918385284,0.00061751412996,0.0,618016.07,2021-10-30T23:59:59.999Z
299,2021-10-31T00:00:00.000Z,2021-10-31T23:59:59.999Z,2021-10-31T01:21:06.000Z,2021-10-31T13:39:07.000Z,0.00061888831219,0.00062406170452,0.00060074329593,0.00061316124987,0.0,613659.65,2021-10-31T23:59:59.999Z
300,2021-11-01T00:00:00.000Z,2021-11-01T23:59:59.999Z,2021-11-01T11:09:06.000Z,2021-11-01T04:04:06.000Z,0.00061318957767,0.00062419004785,0.00059695183093,0.00061001611528,0.0,610511.96,2021-11-01T23:59:59.999Z
301,2021-11-02T00:00:00.000Z,2021-11-02T23:59:59.999Z,2021-11-02T16:03:06.000Z,2021-11-02T00:46:07.000Z,0.00061004408021,0.00064242794891,0.00060673055415,0.00063207102674,0.0,632584.8,2021-11-02T23:59:59.999Z
302,2021-11-03T00:00:00.000Z,2021-11-03T23:59:59.999Z,2021-11-03T07:59:07.000Z,2021-11-03T18:02:07.000Z,0.00063226401097,0.00063516937584,0.00061184240178,0.00062963321051,0.0,630145.0,2021-11-03T23:59:59.999Z
303,2021-11-04T00:00:00.000Z,2021-11-04T23:59:59.999Z,2021-11-04T00:32:06.000Z,2021-11-04T18:05:07.000Z,0.00062970047426,0.00063123288915,0.00060799662475,0.00061476387391,0.0,615263.58,2021-11-04T23:59:59.999Z
304,2021-11-05T00:00:00.000Z,2021-11-05T23:59:59.999Z,2021-11-05T06:12:07.000Z,2021-11-05T20:42:07.000Z,0.00061452230587,0.00062541467686,0.00060844607608,0.00061120487363,0.0,611701.69,2021-11-05T23:59:59.999Z
305,2021-11-06T00:00:00.000Z,2021-11-06T23:59:59.999Z,2021-11-06T06:06:07.000Z,2021-11-06T12:21:07.000Z,0.00061125674269,0.00061590682429,0.00060163781549,0.00061541039327,0.0,615910.63,2021-11-06T23:59:59.999Z
306,2021-11-07T00:00:00.000Z,2021-11-07T23:59:59.999Z,2021-11-07T23:57:07.000Z,2021-11-07T00:35:07.000Z,0.00061527481793,0.00063294774761,0.00061432489114,0.00063290546696,0.0,633419.92,2021-11-07T23:59:59.999Z
307,2021-11-08T00:00:00.000Z,2021-11-08T23:59:59.999Z,2021-11-08T23:36:07.000Z,2021-11-08T00:00:07.000Z,0.00063326989028,0.00067673739123,0.00063326989028,0.00067573783605,0.0,676287.1,2021-11-08T23:59:59.999Z
308,2021-11-09T00:00:00.000Z,2021-11-09T23:59:59.999Z,2021-11-09T04:00:07.000Z,2021-11-09T19:13:07.000Z,0.00067566830088,0.00068530339686,0.00066382061008,0.00067005420901,0.0,670598.86,2021-11-09T23:59:59.999Z
309,2021-11-10T00:00:00.000Z,2021-11-10T23:59:59.999Z,2021-11-10T14:18:07.000Z,2021-11-10T21:26:06.000Z,0.00066971828097,0.00068789625939,0.00063208114998,0.0006490896194,0.0,649617.23,2021-11-10T23:59:59.999Z
310,2021-11-11T00:00:00.000Z,2021-11-11T23:59:59.999Z,2021-11-11T09:31:07.000Z,2021-11-11T02:43:07.000Z,0.00064995229391,0.0006557901476,0.00064180488928,0.00064828551187,0.0,648812.47,2021-11-11T23:59:59.999Z
311,2021-11-12T00:00:00.000Z,2021-11-12T23:59:59.999Z,2021-11-12T02:16:07.000Z,2021-11-12T16:47:07.000Z,0.00064949961915,0.00065460814983,0.00062333913108,0.00064251724896,0.0,643039.51,2021-11-12T23:59:59.999Z
312,2021-11-13T00:00:00.000Z,2021-11-13T23:59:59.999Z,2021-11-13T16:03:07.000Z,2021-11-13T10:03:07.000Z,0.00064155941836,0.00064915674875,0.00063303733825,0.00064477878925,0.0,645302.89,2021-11-13T23:59:59.999Z
313,2021-11-14T00:00:00.000Z,2021-11-14T23:59:59.999Z,2021-11-14T23:58:07.000Z,2021-11-14T16:55:07.000Z,0.00064469529023,0.0006549518049,0.00063647808247,0.00065464090176,0.0,655173.02,2021-11-14T23:59:59.999Z
314,2021-11-15T00:00:00.000Z,2021-11-15T23:59:59.999Z,2021-11-15T09:16:07.000Z,2021-11-15T22:22:07.000Z,0.00065466841024,0.00066281569711,0.00063548143417,0.00063662894312,0.0,637146.42,2021-11-15T23:59:59.999Z
315,2021-11-16T00:00:00.000Z,2021-11-16T23:59:59.999Z,2021-11-16T00:01:07.000Z,2021-11-16T10:16:08.000Z,0.00063557871518,0.00063721195194,0.00059016337157,0.00060221606694,0.0,602705.57,2021-11-16T23:59:59.999Z
316,2021-11-17T00:00:00.000Z,2021-11-17T23:59:59.999Z,2021-11-17T12:01:07.000Z,2021-11-17T10:38:08.000Z,0.00060161247037,0.00060823610518,0.00058515409892,0.00060338448178,0.0,603874.94,2021-11-17T23:59:59.999Z
317,2021-11-18T00:00:00.000Z,2021-11-18T23:59:59.999Z,2021-11-18T01:36:09.000Z,2021-11-18T23:19:07.000Z,0.00060368011817,0.00060948498436,0.00056550791644,0.00056929163775,0.01,569754.38,2021-11-18T23:59:59.999Z
318,2021-11-19T00:00:00.000Z,2021-11-19T23:59:59.999Z,2021-11-19T17:30:06.000Z,2021-11-19T03:47:08.000Z,0.00056942136244,0.00058351113266,0.00055705180685,0.00058145789272,0.0,581930.53,2021-11-19T23:59:59.999Z
319,2021-11-20T00:00:00.000Z,2021-11-20T23:59:59.999Z,2021-11-20T23:56:07.000Z,2021-11-20T16:21:07.000Z,0.00058119576194,0.00059859880442,0.00057469725661,0.00059715970894,0.0,597645.11,2021-11-20T23:59:59.999Z
320,2021-11-21T00:00:00.000Z,2021-11-21T23:59:59.999Z,2021-11-21T17:03:07.000Z,2021-11-21T10:44:07.000Z,0.00059697197134,0.00060004426383,0.00058618931432,0.00058655976033,0.0,587036.54,2021-11-21T23:59:59.999Z
321,2021-11-22T00:00:00.000Z,2021-11-22T23:59:59.999Z,2021-11-22T13:43:10.000Z,2021-11-22T21:04:08.000Z,0.00058730476639,0.00059266358468,0.00055679840404,0.00056345421342,0.0,563912.21,2021-11-22T23:59:59.999Z
322,2021-11-23T00:00:00.000Z,2021-11-23T23:59:59.999Z,2021-11-23T21:01:08.000Z,2021-11-23T09:39:21.000Z,0.00056289287323,0.00057875516397,0.00055632759912,0.00057599536235,0.0,576463.56,2021-11-23T23:59:59.999Z
323,2021-11-24T00:00:00.000Z,2021-11-24T23:59:59.999Z,2021-11-24T00:40:07.000Z,2021-11-24T14:48:06.000Z,0.00057569074876,0.00057803066525,0.0005596422107,0.00056288175035,1.0,563339.29,2021-11-24T23:59:59.999Z
324,2021-11-25T00:00:00.000Z,2021-11-25T23:59:59.999Z,2021-11-25T16:06:14.000Z,2021-11-25T00:12:07.000Z,0.00057206367082,0.00059367967994,0.00057146685202,0.00057370578382,1.0,574172.12,2021-11-25T23:59:59.999Z
325,2021-11-26T00:00:00.000Z,2021-11-26T23:59:59.999Z,2021-11-26T00:17:08.000Z,2021-11-26T23:59:08.000Z,0.00058927890688,0.00059183481471,0.00053598519639,0.00053598519639,0.0,536420.87,2021-11-26T23:59:59.999Z
326,2021-11-27T00:00:00.000Z,2021-11-27T23:59:59.999Z,2021-11-27T08:38:07.000Z,2021-11-27T00:00:16.000Z,0.00053569763963,0.0005532925965,0.00053569763963,0.00054661395969,0.0,547058.27,2021-11-27T23:59:59.999Z
327,2021-11-28T00:00:00.000Z,2021-11-28T23:59:59.999Z,2021-11-28T23:34:11.000Z,2021-11-28T18:44:08.000Z,0.00054815079305,0.00057393843751,0.00053576735818,0.00057212317512,0.0,572588.22,2021-11-28T23:59:59.999Z
328,2021-11-29T00:00:00.000Z,2021-11-29T23:59:59.999Z,2021-11-29T18:29:09.000Z,2021-11-29T09:56:09.000Z,0.00057248458376,0.00058872880578,0.00056808405697,0.00057806566215,0.0,578535.54,2021-11-29T23:59:59.999Z
329,2021-11-30T00:00:00.000Z,2021-11-30T23:59:59.999Z,2021-11-30T15:17:40.000Z,2021-11-30T06:19:20.000Z,0.00057830113819,0.00059113400901,0.00056057282234,0.00057005425474,0.0,570517.62,2021-11-30T23:59:59.999Z
330,2021-12-01T00:00:00.000Z,2021-12-01T23:59:59.999Z,2021-12-01T16:19:14.000Z,2021-12-01T21:07:17.000Z,0.00056907966734,0.00059041685243,0.00056572901551,0.00057241198602,0.0,572877.27,2021-12-01T23:59:59.999Z
331,2021-12-02T00:00:00.000Z,2021-12-02T23:59:59.999Z,2021-12-02T15:04:07.000Z,2021-12-02T03:22:06.000Z,0.00057217371048,0.00057349234979,0.00055895132862,0.00056477817478,0.0,565237.25,2021-12-02T23:59:59.999Z
332,2021-12-03T00:00:00.000Z,2021-12-03T23:59:59.999Z,2021-12-03T13:35:08.000Z,2021-12-03T20:21:15.000Z,0.00056509165356,0.00057482169266,0.00052496585362,0.0005361654618,0.0,536601.28,2021-12-03T23:59:59.999Z
333,2021-12-04T00:00:00.000Z,2021-12-04T23:59:59.999Z,2021-12-04T00:22:08.000Z,2021-12-04T05:29:08.000Z,0.0005359824647,0.00053904679512,0.00042874616858,0.00049188562926,0.0,492285.46,2021-12-04T23:59:59.999Z
334,2021-12-05T00:00:00.000Z,2021-12-05T23:59:59.999Z,2021-12-05T00:25:08.000Z,2021-12-05T15:52:08.000Z,0.00049200704617,0.00049768148976,0.00047857496872,0.00049373263313,0.0,494133.96,2021-12-05T23:59:59.999Z
335,2021-12-06T00:00:00.000Z,2021-12-06T23:59:59.999Z,2021-12-06T22:56:08.000Z,2021-12-06T11:15:07.000Z,0.00049368847099,0.00050929519094,0.0004728103538,0.00050522656432,0.0,505637.24,2021-12-06T23:59:59.999Z
336,2021-12-07T00:00:00.000Z,2021-12-07T23:59:59.999Z,2021-12-07T15:47:07.000Z,2021-12-07T22:25:07.000Z,0.00050582625397,0.00051934781896,0.00050175807521,0.00050707300653,0.0,507485.18,2021-12-07T23:59:59.999Z
337,2021-12-08T00:00:00.000Z,2021-12-08T23:59:59.999Z,2021-12-08T15:25:07.000Z,2021-12-08T12:27:08.000Z,0.00050700084336,0.0005117137531,0.00048765986921,0.0005052918976,0.0,505702.62,2021-12-08T23:59:59.999Z
338,2021-12-09T00:00:00.000Z,2021-12-09T23:59:59.999Z,2021-12-09T00:17:07.000Z,2021-12-09T20:47:07.000Z,0.00050504795539,0.00050797165441,0.00047358353271,0.00047730002033,0.0,477687.99,2021-12-09T23:59:59.999Z
339,2021-12-10T00:00:00.000Z,2021-12-10T23:59:59.999Z,2021-12-10T13:38:07.000Z,2021-12-10T23:56:07.000Z,0.00047672122391,0.00050015252987,0.00047023698021,0.00047292734376,0.0,473311.76,2021-12-10T23:59:59.999Z
340,2021-12-11T00:00:00.000Z,2021-12-11T23:59:59.999Z,2021-12-11T23:38:07.000Z,2021-12-11T00:20:08.000Z,0.00047243305685,0.00049458212788,0.00046942347821,0.00049418832442,0.0,494590.02,2021-12-11T23:59:59.999Z
341,2021-12-12T00:00:00.000Z,2021-12-12T23:59:59.999Z,2021-12-12T18:17:08.000Z,2021-12-12T10:13:08.000Z,0.00049362508336,0.0005072486574,0.00048725853023,0.00050088307792,0.0,501290.22,2021-12-12T23:59:59.999Z
342,2021-12-13T00:00:00.000Z,2021-12-13T23:59:59.999Z,2021-12-13T00:18:08.000Z,2021-12-13T19:43:07.000Z,0.00050098335136,0.00050204998263,0.00045894847395,0.00046700648233,0.0,467386.09,2021-12-13T23:59:59.999Z
343,2021-12-14T00:00:00.000Z,2021-12-14T23:59:59.999Z,2021-12-14T23:05:00.000Z,2021-12-14T00:19:07.000Z,0.00046737482244,0.00058197627628,0.00046424496022,0.00046622306383,1.0,466602.03,2021-12-14T23:59:59.999Z
344,2021-12-15T00:00:00.000Z,2021-12-15T23:59:59.999Z,2021-12-15T06:00:00.000Z,2021-12-15T16:02:09.000Z,0.00048383868846,0.00058197627628,0.00046671966745,0.00048923335885,0.0,489631.03,2021-12-15T23:59:59.999Z
345,2021-12-16T00:00:00.000Z,2021-12-16T23:59:59.999Z,2021-12-16T11:46:08.000Z,2021-12-16T23:38:08.000Z,0.00048896720829,0.00049425573143,0.00047529880766,0.00047616026207,0.0,476547.31,2021-12-16T23:59:59.999Z
346,2021-12-17T00:00:00.000Z,2021-12-17T23:59:59.999Z,2021-12-17T01:23:09.000Z,2021-12-17T15:19:08.000Z,0.00047665426078,0.0004800489375,0.00045618216084,0.00046286139919,0.0,463237.63,2021-12-17T23:59:59.999Z
347,2021-12-18T00:00:00.000Z,2021-12-18T23:59:59.999Z,2021-12-18T11:01:13.000Z,2021-12-18T02:07:09.000Z,0.00046202143379,0.00047313828781,0.00045598442612,0.00046843747126,0.0,468818.24,2021-12-18T23:59:59.999Z
348,2021-12-19T00:00:00.000Z,2021-12-19T23:59:59.999Z,2021-12-19T14:03:14.000Z,2021-12-19T01:32:09.000Z,0.00046848776766,0.00048089664352,0.00046502954547,0.00046652672802,0.0,466905.94,2021-12-19T23:59:59.999Z
349,2021-12-20T00:00:00.000Z,2021-12-20T23:59:59.999Z,2021-12-20T21:17:10.000Z,2021-12-20T14:24:17.000Z,0.00046707014877,0.00047401717948,0.00045579810143,0.00046917582651,0.0,469557.19,2021-12-20T23:59:59.999Z
350,2021-12-21T00:00:00.000Z,2021-12-21T23:59:59.999Z,2021-12-21T12:37:10.000Z,2021-12-21T01:26:08.000Z,0.00046880278964,0.00049300919706,0.00046698774115,0.00048896860761,0.0,489366.06,2021-12-21T23:59:59.999Z
351,2021-12-22T00:00:00.000Z,2021-12-22T23:59:59.999Z,2021-12-22T02:56:08.000Z,2021-12-22T13:54:09.000Z,0.00048936614151,0.00049544796442,0.00048459908157,0.00048615373962,0.0,486548.91,2021-12-22T23:59:59.999Z
352,2021-12-23T00:00:00.000Z,2021-12-23T23:59:59.999Z,2021-12-23T19:50:09.000Z,2021-12-23T07:57:17.000Z,0.00048628509925,0.00051332340378,0.00048065837526,0.00050789889798,0.0,508311.74,2021-12-23T23:59:59.999Z
353,2021-12-24T00:00:00.000Z,2021-12-24T23:59:59.999Z,2021-12-24T19:12:19.000Z,2021-12-24T15:06:17.000Z,0.00050784538179,0.00051814028505,0.00050514494291,0.00050865356565,0.0,509067.02,2021-12-24T23:59:59.999Z
354,2021-12-25T00:00:00.000Z,2021-12-25T23:59:59.999Z,2021-12-25T02:35:09.000Z,2021-12-25T17:27:21.000Z,0.00050822196523,0.00051176598788,0.000502367065,0.00050490808745,0.0,505318.5,2021-12-25T23:59:59.999Z
355,2021-12-26T00:00:00.000Z,2021-12-26T23:59:59.999Z,2021-12-26T22:41:09.000Z,2021-12-26T11:50:09.000Z,0.00050429857797,0.00051196377287,0.00049623104207,0.0005079812543,0.0,508394.16,2021-12-26T23:59:59.999Z
356,2021-12-27T00:00:00.000Z,2021-12-27T23:59:59.999Z,2021-12-27T17:44:09.000Z,2021-12-27T01:14:09.000Z,0.00050809515013,0.00051956326355,0.00050499468676,0.00050729479402,0.0,507707.15,2021-12-27T23:59:59.999Z
357,2021-12-28T00:00:00.000Z,2021-12-28T23:59:59.999Z,2021-12-28T00:01:10.000Z,2021-12-28T22:38:08.000Z,0.00050640418804,0.00050679859377,0.00047414209925,0.00047657253353,0.0,476959.91,2021-12-28T23:59:59.999Z
358,2021-12-29T00:00:00.000Z,2021-12-29T23:59:59.999Z,2021-12-29T03:11:08.000Z,2021-12-29T23:47:09.000Z,0.00047588854777,0.0004811974095,0.00046201494371,0.00046498690214,0.0,465364.87,2021-12-29T23:59:59.999Z
359,2021-12-30T00:00:00.000Z,2021-12-30T23:59:59.999Z,2021-12-30T19:33:15.000Z,2021-12-30T00:22:11.000Z,0.00046444710491,0.000478799655,0.00046060313166,0.0004718832055,0.0,472266.77,2021-12-30T23:59:59.999Z
360,2021-12-31T00:00:00.000Z,2021-12-31T23:59:59.999Z,2021-12-31T09:12:00.000Z,2021-12-31T20:01:00.000Z,0.00047178125843,0.00048468484629,0.00045820097386,0.00046306446123,0.0,463440.86,2021-12-31T23:59:59.999Z
361,2022-01-01T00:00:00.000Z,2022-01-01T23:59:59.999Z,2022-01-01T17:49:00.000Z,2022-01-01T00:01:00.000Z,0.00046311744663,0.00047827310995,0.00046288457519,0.00047686811509,0.0,477255.74,2022-01-01T23:59:59.999Z
362,2022-01-02T00:00:00.000Z,2022-01-02T23:59:59.999Z,2022-01-02T17:08:00.000Z,2022-01-02T18:35:00.000Z,0.00047680926625,0.00047881406233,0.0004685693631,0.00047345220564,0.0,473837.05,2022-01-02T23:59:59.999Z
363,2022-01-03T00:00:00.000Z,2022-01-03T23:59:59.999Z,2022-01-03T12:19:00.000Z,2022-01-03T20:45:00.000Z,0.00047343543765,0.00047510726175,0.00045835963025,0.00046458116959,0.0,464958.8,2022-01-03T23:59:59.999Z
364,2022-01-04T00:00:00.000Z,2022-01-04T23:59:59.999Z,2022-01-04T15:17:00.000Z,2022-01-04T19:03:00.000Z,0.00046458851444,0.00047406548302,0.00045752463562,0.00045897575827,0.0,459348.84,2022-01-04T23:59:59.999Z
365,2022-01-05T00:00:00.000Z,2022-01-05T23:59:59.999Z,2022-01-05T10:14:00.000Z,2022-01-05T22:35:00.000Z,0.0004589935874,0.00046894658588,0.00042798224259,0.00043569003348,0.0,436044.18,2022-01-05T23:59:59.999Z
366,2022-01-06T00:00:00.000Z,2022-01-06T23:59:59.999Z,2022-01-06T01:25:00.000Z,2022-01-06T09:59:00.000Z,0.00043565511727,0.00043746464676,0.00042645540952,0.0004316092842,0.0,431960.12,2022-01-06T23:59:59.999Z
367,2022-01-07T00:00:00.000Z,2022-01-07T23:59:59.999Z,2022-01-07T00:00:00.000Z,2022-01-07T16:22:00.000Z,0.00043153570876,0.00043153570876,0.00041077446202,0.00041557901161,0.0,415916.81,2022-01-07T23:59:59.999Z
368,2022-01-08T00:00:00.000Z,2022-01-08T23:59:59.999Z,2022-01-08T22:47:00.000Z,2022-01-08T18:13:00.000Z,0.00041561465868,0.00042186518883,0.00040672275448,0.00041733943099,0.0,417678.66,2022-01-08T23:59:59.999Z
369,2022-01-09T00:00:00.000Z,2022-01-09T23:59:59.999Z,2022-01-09T20:02:00.000Z,2022-01-09T15:19:00.000Z,0.00041734727563,0.00042663950482,0.00041338159706,0.00041911601536,0.0,419456.69,2022-01-09T23:59:59.999Z
370,2022-01-10T00:00:00.000Z,2022-01-10T23:59:59.999Z,2022-01-10T05:01:00.000Z,2022-01-10T14:37:00.000Z,0.00041910230827,0.00042199485042,0.00039796571708,0.00041821263139,0.0,418552.57,2022-01-10T23:59:59.999Z
